time,pelvis_tilt,pelvis_list,pelvis_rotation,pelvis_tx,pelvis_ty,pelvis_tz,hip_flexion_r,hip_adduction_r,hip_rotation_r,knee_angle_r,ankle_angle_r,hip_flexion_l,hip_adduction_l,hip_rotation_l,knee_angle_l,ankle_angle_l,lumbar_extension
0,-0.147033873,-0.048037824,-0.051593948,0,0.90461496,0,0.254610027,0.080641435,0,-0.391806812,0.545875436,0.314980683,-0.092240568,0,-0.485934967,0.543242857,-0.0872665
0.017,-0.147937733,-0.047595311,-0.052479023,-0.00041511,0.90460222,-0.00013293,0.257964627,0.080575678,0,-0.394462681,0.543692883,0.315366797,-0.092025972,0,-0.485502143,0.559356685,-0.0872665
0.033,-0.147590208,-0.04747935,-0.052337466,-0.00064153,0.90477182,-0.00022145,0.258290695,0.080532389,0,-0.394365298,0.543691665,0.315313694,-0.092202284,0,-0.485581028,0.559484886,-0.0872665
0.05,-0.148250096,-0.048262101,-0.051899482,-0.0013115,0.9044534,-0.00018571,0.262724516,0.081791506,0,-0.399897011,0.544271359,0.32092476,-0.09361558,0,-0.494216764,0.571364014,-0.0872665
0.067,-0.148701933,-0.047215213,-0.051077623,-0.00173001,0.90464579,-0.00062606,0.264461695,0.080376459,0,-0.400293122,0.542376907,0.320518964,-0.092602572,0,-0.492692792,0.587655933,-0.0872665
0.083,-0.148391698,-0.047076338,-0.05107783,-0.00192503,0.9048867,-0.0007794,0.265167121,0.081062138,0,-0.400065198,0.542354296,0.320060494,-0.092186975,0,-0.492834019,0.587689418,-0.0872665
0.1,-0.14841576,-0.046618496,-0.053381267,-0.0021186,0.90493274,-0.00082236,0.267241783,0.080820862,0,-0.403363062,0.541554059,0.317919833,-0.091820068,0,-0.489670886,0.589314735,-0.0872665
0.117,-0.148296205,-0.046645257,-0.053370358,-0.00230758,0.90491745,-0.00090818,0.267393163,0.080694176,0,-0.40333659,0.541570202,0.317873675,-0.091888039,0,-0.489610556,0.589301114,-0.0872665
0.133,-0.149111669,-0.044930273,-0.054607112,-0.00289626,0.90491797,-0.00128036,0.272292663,0.078444176,0,-0.409782636,0.541920702,0.316929966,-0.089705878,0,-0.484670735,0.586433986,-0.0872665
0.15,-0.149430094,-0.04480341,-0.05349525,-0.00342406,0.90491067,-0.00154849,0.273589228,0.07797101,0,-0.41021866,0.541879356,0.317505036,-0.089196446,0,-0.483363929,0.586550925,-0.0872665
0.167,-0.150243097,-0.043449617,-0.054478891,-0.00398712,0.90484232,-0.00184313,0.277555485,0.076248732,0,-0.414804142,0.541802075,0.317379016,-0.087431624,0,-0.48034787,0.586511354,-0.0872665
0.183,-0.150119182,-0.043460575,-0.054405188,-0.00423702,0.90485795,-0.00191152,0.277717535,0.076201957,0,-0.414765769,0.541819141,0.317383091,-0.087477506,0,-0.480275406,0.586516009,-0.0872665
0.2,-0.152831834,-0.042228275,-0.053522716,-0.00571488,0.904618,-0.00227774,0.286299082,0.074600721,0,-0.422672187,0.543155546,0.322093946,-0.085898693,0,-0.479291774,0.584784813,-0.0872665
0.217,-0.15255067,-0.042269261,-0.053449845,-0.00615193,0.90469541,-0.00237379,0.28651971,0.074520781,0,-0.422563063,0.543149264,0.322120433,-0.085897631,0,-0.479150112,0.584784996,-0.0872665
0.233,-0.153690855,-0.041149207,-0.05521221,-0.00678334,0.90489798,-0.00256129,0.288433083,0.073175803,0,-0.421806437,0.540237087,0.32068666,-0.084648967,0,-0.47271941,0.581179862,-0.0872665
0.25,-0.151666023,-0.040312602,-0.054110476,-0.00674445,0.90493906,-0.00281032,0.287599203,0.071817822,0,-0.424667547,0.540758396,0.318097855,-0.083317178,0,-0.47210868,0.58026694,-0.0872665
0.267,-0.150113774,-0.038794209,-0.053072182,-0.00671375,0.90497139,-0.00318957,0.288577484,0.069553785,0,-0.430250681,0.543415744,0.314509878,-0.081005449,0,-0.467914064,0.580181037,-0.0872665
0.283,-0.149897354,-0.038358825,-0.052176564,-0.00690092,0.90494493,-0.00340205,0.289826893,0.068733627,0,-0.432679299,0.543855821,0.313173118,-0.080208126,0,-0.46491977,0.580821781,-0.0872665
0.3,-0.150077804,-0.038030097,-0.052204249,-0.00716587,0.90495862,-0.00351875,0.290889448,0.068256345,0,-0.433618392,0.543587203,0.312067388,-0.079750758,0,-0.461730565,0.581153981,-0.0872665
0.317,-0.149935104,-0.038086138,-0.052141568,-0.0074209,0.904988,-0.00364031,0.29102095,0.068167195,0,-0.433602221,0.543589316,0.3120333,-0.079803411,0,-0.461613272,0.581165113,-0.0872665
0.333,-0.150812654,-0.037156295,-0.052448218,-0.00785323,0.90501722,-0.00392371,0.293649166,0.066919905,0,-0.43583916,0.543713827,0.310815404,-0.078526338,0,-0.455949294,0.580425557,-0.0872665
0.35,-0.151449022,-0.036963307,-0.051972554,-0.00848491,0.90500665,-0.00418818,0.295077641,0.066348555,0,-0.435838457,0.543765325,0.311859546,-0.078112094,0,-0.454815132,0.579482451,-0.0872665
0.367,-0.152877218,-0.037018527,-0.051288132,-0.00900541,0.90494423,-0.00443921,0.296579293,0.066026316,0,-0.434464464,0.543711309,0.313613185,-0.077954017,0,-0.453654119,0.579041068,-0.0872665
0.383,-0.153877502,-0.037374653,-0.049932265,-0.00913071,0.90488394,-0.00476213,0.29745394,0.065997638,0,-0.433838232,0.543424079,0.314973175,-0.077793926,0,-0.45337868,0.578589196,-0.0872665
0.4,-0.153732672,-0.037499907,-0.049876023,-0.00928771,0.90493741,-0.00496345,0.297502693,0.065949391,0,-0.433842473,0.543412313,0.315028417,-0.07775274,0,-0.453340095,0.578574087,-0.0872665
0.417,-0.153018264,-0.036699004,-0.049145207,-0.00953078,0.90500709,-0.0053839,0.297716617,0.06444151,0,-0.435330345,0.542791298,0.314187286,-0.076376042,0,-0.452240935,0.577126439,-0.0872665
0.433,-0.153787656,-0.03667573,-0.048794398,-0.01000783,0.90497249,-0.00563337,0.298935065,0.064122532,0,-0.434820048,0.542495549,0.314852812,-0.076154446,0,-0.450581766,0.576685387,-0.0872665
0.45,-0.154851203,-0.036475414,-0.04931714,-0.01065082,0.90494575,-0.0058364,0.300562335,0.063697342,0,-0.433969927,0.541989306,0.315605452,-0.075762669,0,-0.448264029,0.576540003,-0.0872665
0.467,-0.154627649,-0.036606266,-0.04932891,-0.01083946,0.9049529,-0.00601826,0.300630169,0.06361754,0,-0.434023161,0.541962161,0.315637939,-0.075709456,0,-0.448215922,0.576516812,-0.0872665
0.483,-0.153391951,-0.036461742,-0.048231057,-0.01050773,0.90500082,-0.00636529,0.299926367,0.062956747,0,-0.436222613,0.541669073,0.314905872,-0.075050011,0,-0.449666255,0.576084577,-0.0872665
0.5,-0.153814695,-0.034780758,-0.049113867,-0.01076508,0.90482353,-0.00682723,0.304027265,0.060634157,0,-0.442878635,0.543041417,0.316479465,-0.072649656,0,-0.451568845,0.57631304,-0.0872665
0.517,-0.153734584,-0.034926613,-0.049185623,-0.01082649,0.90483155,-0.00698306,0.303992577,0.060574165,0,-0.442905924,0.543028209,0.316494248,-0.07265895,0,-0.451545253,0.576318247,-0.0872665
0.533,-0.153644248,-0.035057136,-0.049167506,-0.01091676,0.90482133,-0.00717612,0.3040711,0.060475744,0,-0.442908617,0.543020843,0.316417057,-0.072690636,0,-0.451541637,0.576309073,-0.0872665
0.55,-0.15335775,-0.035184595,-0.049064035,-0.01110597,0.90486774,-0.00739686,0.304213555,0.060357071,0,-0.442945658,0.543014607,0.316375645,-0.072689524,0,-0.451516476,0.576295714,-0.0872665
0.567,-0.152373157,-0.034328585,-0.049105,-0.01115118,0.90494158,-0.00774625,0.304770371,0.058987656,0,-0.446077102,0.542984544,0.314921265,-0.071293327,0,-0.450762373,0.576820589,-0.0872665
0.583,-0.152383164,-0.034446178,-0.049104048,-0.01119363,0.90498091,-0.00790842,0.304779738,0.058904571,0,-0.446101269,0.542989047,0.31489101,-0.071339764,0,-0.450754631,0.576838848,-0.0872665
0.6,-0.152326376,-0.034542146,-0.049115025,-0.01125833,0.90498902,-0.00803595,0.30478988,0.058868248,0,-0.446116163,0.542996804,0.31489853,-0.071351661,0,-0.450728574,0.576851858,-0.0872665
0.617,-0.152213293,-0.034656744,-0.049132889,-0.01138059,0.90500297,-0.00821158,0.304821133,0.058808936,0,-0.446138015,0.543023125,0.314919197,-0.071380238,0,-0.450669157,0.576866435,-0.0872665
0.633,-0.152198344,-0.03479596,-0.049163287,-0.01142216,0.90501424,-0.00838025,0.304824394,0.058741817,0,-0.446165957,0.543034596,0.314925072,-0.071360066,0,-0.450634568,0.576857461,-0.0872665
0.65,-0.152128928,-0.034969144,-0.049217878,-0.01145905,0.90497954,-0.0085761,0.304840404,0.058683093,0,-0.44622475,0.543043794,0.314947626,-0.071293252,0,-0.45057232,0.576820024,-0.0872665
0.667,-0.152020248,-0.035103481,-0.049258186,-0.01154897,0.90496042,-0.00876384,0.304888204,0.058610344,0,-0.446260849,0.543062315,0.314975332,-0.071238122,0,-0.450512645,0.576792073,-0.0872665
0.683,-0.151923592,-0.035233502,-0.049228154,-0.01161451,0.90496274,-0.00895791,0.304974558,0.058451608,0,-0.446279502,0.543083075,0.314946295,-0.071213268,0,-0.450482151,0.576787309,-0.0872665
0.7,-0.151857122,-0.03536262,-0.049154117,-0.01167419,0.90499164,-0.00914644,0.30505231,0.058296663,0,-0.446340166,0.543098635,0.314878143,-0.071138183,0,-0.450470454,0.576776194,-0.0872665
0.717,-0.152002575,-0.034362316,-0.049601486,-0.01180504,0.9049803,-0.00948884,0.306496452,0.056810223,0,-0.448660138,0.544033379,0.314521097,-0.069615901,0,-0.449240548,0.575882755,-0.0872665
0.733,-0.152068532,-0.034512183,-0.049717494,-0.01183412,0.90497024,-0.00962437,0.306532833,0.056798602,0,-0.448628321,0.544041479,0.314581802,-0.069592876,0,-0.44918943,0.575879182,-0.0872665
0.75,-0.152719831,-0.034607376,-0.050489467,-0.01188996,0.90494037,-0.00965588,0.307097712,0.056966139,0,-0.448141587,0.543878181,0.315002077,-0.06975239,0,-0.448844759,0.575927245,-0.0872665
0.767,-0.152749922,-0.034612384,-0.050485308,-0.01189945,0.90497266,-0.00967301,0.307084602,0.056969891,0,-0.448149336,0.543872969,0.314998626,-0.069750766,0,-0.448847127,0.575929991,-0.0872665
0.783,-0.15288228,-0.034727573,-0.050558179,-0.01193128,0.90499963,-0.00974334,0.307049986,0.057004859,0,-0.448074485,0.543807771,0.315141262,-0.06972482,0,-0.448748273,0.575954257,-0.0872665
0.8,-0.154628123,-0.034907244,-0.052688744,-0.01229261,0.9049427,-0.00958449,0.308435243,0.057631726,0,-0.445596492,0.543265848,0.316532081,-0.070415977,0,-0.447689784,0.575905257,-0.0872665
0.817,-0.155623922,-0.036063913,-0.052333486,-0.01240502,0.90489669,-0.00940496,0.308848918,0.059169744,0,-0.443929252,0.540259714,0.318097843,-0.072010044,0,-0.448308197,0.575113305,-0.0872665
0.833,-0.155457659,-0.036243061,-0.051525918,-0.01223148,0.90487226,-0.00948603,0.30863059,0.059191116,0,-0.444364622,0.540220831,0.317904303,-0.071915936,0,-0.448330277,0.575125381,-0.0872665
0.85,-0.154827992,-0.036482458,-0.049876495,-0.01212434,0.90491295,-0.00962386,0.308121819,0.059147627,0,-0.445303341,0.540293576,0.317468427,-0.071795778,0,-0.448309427,0.575170135,-0.0872665
0.867,-0.154839399,-0.0364708,-0.049883251,-0.01218006,0.90496134,-0.00962027,0.308121308,0.059153686,0,-0.445296217,0.540299326,0.317461357,-0.071795272,0,-0.448309192,0.575173418,-0.0872665
0.883,-0.156239366,-0.03642052,-0.052063405,-0.01261416,0.90496442,-0.00945064,0.309210139,0.059505366,0,-0.442799478,0.540554324,0.318527654,-0.072198206,0,-0.44729407,0.575435266,-0.0872665
0.9,-0.155766763,-0.036706625,-0.050017923,-0.01223506,0.90489165,-0.00952717,0.308504404,0.059683685,0,-0.443566405,0.540648702,0.317820454,-0.072235975,0,-0.447221503,0.575717308,-0.0872665
0.917,-0.154950365,-0.036680181,-0.049474916,-0.01200597,0.90491905,-0.00958921,0.307455606,0.059536889,0,-0.444041463,0.540979582,0.316765508,-0.072084431,0,-0.447420266,0.5760407,-0.0872665
0.933,-0.154949229,-0.036712167,-0.049482988,-0.0120294,0.90490855,-0.00958347,0.307435871,0.059524138,0,-0.444043966,0.540978989,0.316776043,-0.072070407,0,-0.447409373,0.576041955,-0.0872665
0.95,-0.154984952,-0.036787836,-0.049494397,-0.01194794,0.90489647,-0.00962301,0.307269664,0.059507264,0,-0.444068594,0.540967892,0.316836104,-0.072041693,0,-0.447321629,0.576068738,-0.0872665
0.967,-0.155053883,-0.036764655,-0.049409965,-0.01182063,0.90487794,-0.00960291,0.307249345,0.05952665,0,-0.444025809,0.540971729,0.31669476,-0.072074254,0,-0.447326571,0.576098531,-0.0872665
0.983,-0.155042614,-0.036771482,-0.049400152,-0.01177569,0.90489281,-0.00960434,0.307246207,0.059533427,0,-0.444018538,0.540973655,0.316687706,-0.072069425,0,-0.447321706,0.576101575,-0.0872665
1,-0.15233605,-0.037560134,-0.048423037,-0.01088004,0.90524682,-0.00951993,0.299745389,0.060298749,0,-0.437086376,0.541532123,0.311060483,-0.072728738,0,-0.443561847,0.576954849,-0.0872665
1.017,-0.152473527,-0.037545399,-0.048425639,-0.01077063,0.90521853,-0.00948953,0.299685772,0.060278686,0,-0.437095955,0.541510712,0.311039482,-0.072745968,0,-0.443575135,0.576948253,-0.0872665
1.033,-0.152530094,-0.037528505,-0.048434343,-0.01082365,0.90527391,-0.00947195,0.299659516,0.060275709,0,-0.437096394,0.54150358,0.311027231,-0.072760249,0,-0.443578249,0.576947673,-0.0872665
1.05,-0.153472113,-0.038298528,-0.05025651,-0.01106756,0.90551185,-0.00907672,0.298162254,0.061773101,0,-0.430821708,0.535945751,0.31130421,-0.074345282,0,-0.441840298,0.574456486,-0.0872665
1.067,-0.151428586,-0.037971535,-0.048563921,-0.01036325,0.9055147,-0.00928597,0.296051066,0.060942926,0,-0.433124257,0.538841748,0.308657632,-0.073365243,0,-0.441901148,0.575479369,-0.0872665
1.083,-0.151494535,-0.037953031,-0.048488245,-0.01017936,0.90545618,-0.00928503,0.295968092,0.060926726,0,-0.433189978,0.538863472,0.308541333,-0.073380133,0,-0.441999428,0.575494688,-0.0872665
1.1,-0.151543344,-0.037922869,-0.048483189,-0.01010633,0.90543618,-0.00926818,0.295932236,0.060934411,0,-0.43320473,0.53887155,0.308493642,-0.073390591,0,-0.442043622,0.575497124,-0.0872665
1.117,-0.151582916,-0.037893254,-0.048508163,-0.01001042,0.90543193,-0.00922674,0.29586313,0.060960456,0,-0.433229068,0.538882503,0.308476558,-0.073384578,0,-0.442081938,0.575497873,-0.0872665
1.133,-0.15162541,-0.037826677,-0.048534128,-0.00985451,0.90540209,-0.00914361,0.295718887,0.060983996,0,-0.433267011,0.538918869,0.308371322,-0.073454865,0,-0.442197611,0.575508281,-0.0872665
1.15,-0.15171287,-0.037772766,-0.048495742,-0.0097317,0.90538022,-0.00907421,0.295722181,0.060968611,0,-0.433268305,0.538931016,0.308242629,-0.073522068,0,-0.44227796,0.575517235,-0.0872665
1.167,-0.151034219,-0.037878204,-0.049015297,-0.00942316,0.90539976,-0.00893843,0.294730326,0.061229325,0,-0.433548793,0.539783225,0.307140426,-0.073885712,0,-0.443019,0.576317713,-0.0872665
1.183,-0.151563635,-0.037754336,-0.04955872,-0.00938409,0.90538623,-0.00882901,0.29494577,0.061295603,0,-0.432980448,0.53997031,0.30733535,-0.073849517,0,-0.442509369,0.576434456,-0.0872665
1.2,-0.153677659,-0.037381865,-0.051717852,-0.00966538,0.90535793,-0.00863291,0.29661115,0.061372367,0,-0.430366476,0.540249227,0.30862079,-0.073891061,0,-0.440285209,0.576467585,-0.0872665
1.217,-0.154899039,-0.037182098,-0.051504791,-0.00962485,0.90530879,-0.0085368,0.297361992,0.061358409,0,-0.429291754,0.539895377,0.309414968,-0.073809775,0,-0.438893507,0.575937597,-0.0872665
1.233,-0.155168263,-0.037022205,-0.051490822,-0.00937297,0.9052883,-0.00843125,0.297310934,0.061413531,0,-0.42930712,0.539871085,0.309338202,-0.073782982,0,-0.438947788,0.575904136,-0.0872665
1.25,-0.157500837,-0.036192352,-0.053489259,-0.00967107,0.90524515,-0.00828721,0.299187728,0.060890362,0,-0.426906424,0.539359007,0.311220551,-0.073276992,0,-0.437639127,0.575195677,-0.0872665
1.267,-0.157433922,-0.035137401,-0.05218815,-0.00910736,0.90513492,-0.00836356,0.299640143,0.059459399,0,-0.429657341,0.539549252,0.310793784,-0.071931057,0,-0.437968615,0.575120454,-0.0872665
1.283,-0.157798553,-0.034897623,-0.052145759,-0.00879132,0.90504953,-0.00817148,0.299624076,0.059445296,0,-0.429739183,0.539568183,0.310736492,-0.071946197,0,-0.438023674,0.575143839,-0.0872665
1.3,-0.161183637,-0.032601179,-0.05370417,-0.00941499,0.90458821,-0.00829891,0.308166833,0.057064494,0,-0.437919661,0.542147254,0.315803638,-0.069491846,0,-0.439794367,0.575989209,-0.0872665
1.317,-0.162382204,-0.032108405,-0.05399583,-0.00929851,0.90450607,-0.00816754,0.309180376,0.056836231,0,-0.437596099,0.542253116,0.316556313,-0.069205837,0,-0.439080374,0.575666841,-0.0872665
1.333,-0.162775024,-0.031846698,-0.053985432,-0.00899315,0.90447455,-0.00797204,0.309194694,0.056818723,0,-0.437628526,0.542255485,0.316471829,-0.069280397,0,-0.439082144,0.575620234,-0.0872665
1.35,-0.164414047,-0.030777513,-0.054540933,-0.0088778,0.90439159,-0.00791187,0.311169604,0.055771627,0,-0.437938653,0.542538526,0.317144346,-0.06830159,0,-0.437207093,0.574356102,-0.0872665
1.367,-0.164709533,-0.030575626,-0.05446077,-0.00854293,0.90437792,-0.00771447,0.311100065,0.055824716,0,-0.43803354,0.542555731,0.317079111,-0.068285681,0,-0.437231177,0.574322622,-0.0872665
1.383,-0.164968047,-0.030386109,-0.054373708,-0.00824182,0.90433221,-0.00753412,0.311008414,0.055883012,0,-0.438137219,0.542580684,0.317082878,-0.068229084,0,-0.437227063,0.574295987,-0.0872665
1.4,-0.165279079,-0.030133169,-0.05423325,-0.00793481,0.90430574,-0.00735728,0.310991009,0.055879537,0,-0.438220596,0.542603476,0.3170488,-0.06818655,0,-0.437250155,0.574283347,-0.0872665
1.417,-0.166599027,-0.028964218,-0.053556642,-0.00789781,0.90421246,-0.00742611,0.312474135,0.054488164,0,-0.438367834,0.543128868,0.318270976,-0.066824693,0,-0.436721234,0.57425875,-0.0872665
1.433,-0.166858956,-0.02873599,-0.053614245,-0.00781446,0.90423638,-0.00720933,0.312595757,0.054491708,0,-0.438338145,0.543173445,0.318240726,-0.066890336,0,-0.436717142,0.574219951,-0.0872665
1.45,-0.168156486,-0.028300971,-0.054279858,-0.00790579,0.90419655,-0.00702327,0.314340291,0.054276345,0,-0.438301111,0.543763402,0.319197213,-0.066676631,0,-0.435545602,0.573327959,-0.0872665
1.467,-0.167451242,-0.028149317,-0.053380395,-0.00751232,0.90417673,-0.00688185,0.313891263,0.054080822,0,-0.440238241,0.544039783,0.318875873,-0.066494763,0,-0.436782801,0.572750389,-0.0872665
1.483,-0.166898774,-0.027992937,-0.052441775,-0.00716067,0.90411192,-0.00679184,0.313126247,0.053956405,0,-0.440991006,0.545654141,0.319031156,-0.066263031,0,-0.438769828,0.57268698,-0.0872665
1.5,-0.167089131,-0.027822321,-0.052290245,-0.00701489,0.90413492,-0.00664147,0.31310379,0.054059457,0,-0.440958482,0.545681534,0.318984925,-0.066272634,0,-0.438739503,0.572694228,-0.0872665
1.517,-0.167535152,-0.027852641,-0.050758414,-0.00684266,0.90413463,-0.00654753,0.312732435,0.054219686,0,-0.440067964,0.546050353,0.319062788,-0.066282939,0,-0.437571812,0.572734279,-0.0872665
1.533,-0.167654672,-0.02764905,-0.050649989,-0.00657023,0.9040779,-0.00634941,0.312523238,0.054275124,0,-0.440132372,0.546063132,0.318923991,-0.066325647,0,-0.437662227,0.57273278,-0.0872665
1.55,-0.165100891,-0.027723298,-0.049073527,-0.00580427,0.90421501,-0.00622057,0.307418981,0.054159337,0,-0.43766343,0.548608491,0.316103051,-0.066211989,0,-0.439093316,0.573503924,-0.0872665
1.567,-0.165172292,-0.02759141,-0.048966197,-0.00557666,0.90417826,-0.00601673,0.307333718,0.054182771,0,-0.437708964,0.548602901,0.316066137,-0.066282576,0,-0.439178226,0.573508738,-0.0872665
1.583,-0.163444984,-0.028050856,-0.047693417,-0.0051538,0.90418868,-0.00580253,0.30520767,0.054767605,0,-0.438618675,0.548741186,0.316103362,-0.066834408,0,-0.443549017,0.573945868,-0.0872665
1.6,-0.162758395,-0.028267132,-0.04626101,-0.00479296,0.90413011,-0.00558446,0.304117764,0.0551225,0,-0.439069474,0.549230999,0.316404064,-0.06722023,0,-0.445839811,0.574315679,-0.0872665
1.617,-0.161629017,-0.028563127,-0.04407332,-0.0044618,0.90406806,-0.00553874,0.302414836,0.055271388,0,-0.439333734,0.551240546,0.316801674,-0.067405996,0,-0.449377516,0.575122703,-0.0872665
1.633,-0.161213037,-0.02871481,-0.042160842,-0.00424476,0.90403996,-0.00550459,0.301827117,0.055403767,0,-0.43990227,0.551782476,0.31676191,-0.067434387,0,-0.44974438,0.575372677,-0.0872665
1.65,-0.160606598,-0.028787644,-0.040576458,-0.00398302,0.90402502,-0.00541006,0.301129753,0.05545715,0,-0.440690547,0.552135338,0.316400509,-0.067444952,0,-0.45023874,0.575573646,-0.0872665
1.667,-0.160549145,-0.028665758,-0.040397021,-0.00399723,0.90405662,-0.00525566,0.30112143,0.055447408,0,-0.440728734,0.552168594,0.316357736,-0.06751933,0,-0.450221103,0.575610114,-0.0872665
1.683,-0.160583676,-0.028284233,-0.039310854,-0.00404335,0.90414058,-0.00519003,0.301458713,0.054990162,0,-0.441387126,0.55272276,0.314674429,-0.067130591,0,-0.445995414,0.575824263,-0.0872665
1.7,-0.159103295,-0.027179924,-0.039079318,-0.00362425,0.90422174,-0.00521715,0.30065702,0.053657787,0,-0.444026663,0.554112612,0.310305269,-0.06580937,0,-0.441334398,0.57522769,-0.0872665
1.717,-0.158326346,-0.027116064,-0.037917772,-0.00329398,0.90418428,-0.00511324,0.299939048,0.053615023,0,-0.445183164,0.554499107,0.309490916,-0.065730914,0,-0.441895327,0.575304115,-0.0872665
1.733,-0.158354925,-0.026998793,-0.03784657,-0.00318611,0.90419203,-0.00492508,0.299908201,0.05358581,0,-0.445219084,0.554550739,0.309408741,-0.065859112,0,-0.441930427,0.575318387,-0.0872665
1.75,-0.157105762,-0.0275853,-0.036944853,-0.00280801,0.90427762,-0.00462357,0.297373648,0.054548193,0,-0.444409879,0.556746284,0.306979383,-0.066871976,0,-0.440537054,0.575996238,-0.0872665
1.767,-0.157101769,-0.027422616,-0.036783502,-0.00281816,0.90426257,-0.00444629,0.297390965,0.054656656,0,-0.444403102,0.556708124,0.306888618,-0.066939323,0,-0.440513284,0.57598664,-0.0872665
1.783,-0.156811995,-0.027920712,-0.035976411,-0.00277503,0.90427342,-0.00421483,0.297147968,0.055444012,0,-0.444810043,0.556138384,0.306244529,-0.067728755,0,-0.439545373,0.575707292,-0.0872665
1.8,-0.15682497,-0.027774641,-0.035787697,-0.00274564,0.90420152,-0.00401721,0.297233623,0.055442608,0,-0.444827292,0.55614521,0.306134629,-0.067909889,0,-0.439548692,0.575703948,-0.0872665
1.817,-0.156648834,-0.027649057,-0.035607594,-0.00289665,0.9042078,-0.00381211,0.297356507,0.05543062,0,-0.444868238,0.556181014,0.306068799,-0.068159556,0,-0.439530138,0.575702736,-0.0872665
1.833,-0.15637108,-0.027523901,-0.035596213,-0.00314061,0.90428244,-0.00359298,0.297428764,0.055500183,0,-0.444955114,0.556234181,0.306052206,-0.068327948,0,-0.439480735,0.57569986,-0.0872665
1.85,-0.156331008,-0.027338529,-0.037106065,-0.00335366,0.90426762,-0.00320121,0.299766532,0.055926942,0,-0.449483701,0.557561246,0.305008911,-0.068891843,0,-0.437532979,0.576046655,-0.0872665
1.867,-0.1563881,-0.027113605,-0.037125401,-0.0034092,0.90424425,-0.00290642,0.299794155,0.05590251,0,-0.449466354,0.557539942,0.305012807,-0.069158294,0,-0.437523166,0.57604385,-0.0872665
1.883,-0.157294001,-0.02815274,-0.038567582,-0.00367847,0.90423215,-0.00220724,0.300983186,0.057993593,0,-0.448977542,0.556539627,0.305651644,-0.071569346,0,-0.436719586,0.575892472,-0.0872665
1.9,-0.158422147,-0.02841598,-0.039819449,-0.00404498,0.90422657,-0.00167537,0.302577864,0.059054563,0,-0.448503197,0.555824872,0.306338288,-0.072849878,0,-0.435241699,0.575819245,-0.0872665
1.917,-0.159678423,-0.028612994,-0.041325804,-0.0043788,0.90415655,-0.00111145,0.305003453,0.060095328,0,-0.449472737,0.554779525,0.306737694,-0.074124187,0,-0.433125774,0.575355996,-0.0872665
1.933,-0.159768666,-0.028307645,-0.04126661,-0.00434504,0.90406146,-0.00073384,0.305118436,0.060043779,0,-0.449594569,0.55475375,0.306601336,-0.074450754,0,-0.433113341,0.57532418,-0.0872665
1.95,-0.160397915,-0.027694905,-0.043383152,-0.00450539,0.903787,-0.00018961,0.311997211,0.06009806,0,-0.461644493,0.556145095,0.305532075,-0.074869611,0,-0.430020011,0.57515568,-0.0872665
1.967,-0.162886257,-0.028524315,-0.04604852,-0.0052482,0.90368151,0.00079025,0.315497003,0.062423876,0,-0.460898004,0.555473129,0.307901752,-0.077631211,0,-0.428370855,0.575201445,-0.0872665
1.983,-0.161694747,-0.029085467,-0.044589541,-0.00484142,0.90353079,0.00156992,0.31570409,0.063777338,0,-0.465299073,0.556163937,0.306145372,-0.079279335,0,-0.427966054,0.57563937,-0.0872665
2,-0.162201512,-0.028358446,-0.047840209,-0.00507939,0.90319426,0.00253475,0.321890971,0.064348746,0,-0.476461975,0.561334313,0.305275481,-0.08008385,0,-0.426194976,0.578054637,-0.0872665
2.017,-0.162391504,-0.029117064,-0.04931019,-0.00500432,0.90312387,0.00386644,0.323349127,0.067063181,0,-0.479088531,0.562124975,0.304764853,-0.082814508,0,-0.425853167,0.577790532,-0.0872665
2.033,-0.164411243,-0.028450912,-0.051799911,-0.00535144,0.90279987,0.00513055,0.330330237,0.068418248,0,-0.487626807,0.563276608,0.306540526,-0.084053989,0,-0.425550167,0.577764375,-0.0872665
2.05,-0.165314331,-0.028997208,-0.054231788,-0.00549586,0.90268225,0.00678103,0.332417912,0.071529957,0,-0.489483389,0.563676046,0.30690141,-0.087009535,0,-0.425299961,0.577319746,-0.0872665
2.067,-0.165616616,-0.028613288,-0.057588088,-0.00545825,0.90259706,0.00847445,0.333320896,0.07353553,0,-0.490356615,0.564355534,0.306900936,-0.08890406,0,-0.426482658,0.577063432,-0.0872665
2.083,-0.16831281,-0.029031315,-0.061013731,-0.00598473,0.90200597,0.01049531,0.341359122,0.077133465,0,-0.499283347,0.56795028,0.312755946,-0.092411835,0,-0.433085254,0.579832376,-0.0872665
2.1,-0.168611105,-0.02948925,-0.064833725,-0.00588985,0.90178864,0.012683,0.343098483,0.080852895,0,-0.502002839,0.567990572,0.313844766,-0.095909795,0,-0.436797386,0.580888251,-0.0872665
2.117,-0.168527938,-0.029700149,-0.069314022,-0.0056818,0.90156315,0.01504678,0.344133622,0.084573908,0,-0.504498515,0.567473325,0.315139145,-0.099354743,0,-0.442433216,0.581968554,-0.0872665
2.133,-0.168421478,-0.029742077,-0.073721666,-0.00537617,0.90124585,0.01757896,0.343957684,0.088050238,0,-0.504831758,0.567002617,0.318406235,-0.102839001,0,-0.452278497,0.583409463,-0.0872665
2.15,-0.168157262,-0.029667165,-0.076920637,-0.00491116,0.90070895,0.02007679,0.344036357,0.091189096,0,-0.506663245,0.568492636,0.324989639,-0.105819994,0,-0.468525532,0.586537985,-0.0872665
2.167,-0.165578965,-0.028971484,-0.078872852,-0.00375128,0.89999522,0.02253378,0.344806368,0.093556786,0,-0.517440601,0.574216316,0.329511097,-0.107601807,0,-0.486903789,0.590907319,-0.0872665
2.183,-0.165163486,-0.028512029,-0.083416757,-0.00339208,0.89928377,0.02534254,0.346933452,0.097140313,0,-0.523822652,0.577232999,0.337382739,-0.110555141,0,-0.506358974,0.591742537,-0.0872665
2.2,-0.164471455,-0.027039533,-0.08842571,-0.00296282,0.89848257,0.02796301,0.349645141,0.099308657,0,-0.532005923,0.582101781,0.345891348,-0.112107901,0,-0.527475236,0.593658036,-0.0872665
2.217,-0.163346256,-0.025661279,-0.094274175,-0.00239445,0.89763806,0.03067756,0.351215551,0.101702006,0,-0.539324462,0.587767473,0.355648377,-0.113931089,0,-0.552886223,0.596108254,-0.0872665
2.233,-0.16161716,-0.025726746,-0.09930951,-0.00153616,0.89697432,0.03360527,0.348555675,0.10563114,0,-0.540139881,0.592102074,0.366217575,-0.117583918,0,-0.581340842,0.596127994,-0.0872665
2.25,-0.160292952,-0.025564293,-0.104773533,-0.00074306,0.8964035,0.03660467,0.346104875,0.109408438,0,-0.540330714,0.594408273,0.378498868,-0.121196696,0,-0.611789131,0.594173541,-0.0872665
2.267,-0.159535494,-0.025348412,-0.110596546,-4.93E-05,0.89587658,0.03964342,0.344188016,0.113338916,0,-0.540476065,0.596077912,0.393621887,-0.125033718,0,-0.646412295,0.58832586,-0.0872665
2.283,-0.158762137,-0.024662332,-0.116377947,0.0008389,0.89553033,0.04254891,0.341528041,0.116406132,0,-0.539814499,0.597359842,0.409611175,-0.128359098,0,-0.682985198,0.578712956,-0.0872665
2.3,-0.159153569,-0.023519747,-0.122883047,0.00141933,0.89525169,0.04544695,0.341105918,0.119211889,0,-0.540261395,0.597737203,0.42954318,-0.131787377,0,-0.723477857,0.563716306,-0.0872665
2.317,-0.158478302,-0.022792623,-0.129089999,0.0023862,0.89530863,0.04838771,0.336825479,0.122284493,0,-0.536179097,0.597338831,0.450113073,-0.13556727,0,-0.766405272,0.544209095,-0.0872665
2.333,-0.15865444,-0.021317429,-0.135801276,0.00322895,0.89535999,0.05117207,0.334682368,0.124495314,0,-0.533913857,0.596359991,0.474127136,-0.138680731,0,-0.812548448,0.520358792,-0.0872665
2.35,-0.158214671,-0.020887843,-0.14245537,0.00462509,0.89573543,0.05428415,0.328747276,0.128036043,0,-0.526627001,0.59447663,0.49746779,-0.143608122,0,-0.859666154,0.495312194,-0.0872665
2.367,-0.159846723,-0.018731244,-0.14710786,0.00492971,0.89581029,0.05658716,0.330354528,0.128707409,0,-0.527151271,0.590786734,0.528937248,-0.145866327,0,-0.910534044,0.467933948,-0.0872665
2.383,-0.159072697,-0.018345964,-0.152017137,0.00658611,0.89608652,0.0591635,0.323332155,0.130824424,0,-0.519852884,0.590298157,0.555193567,-0.14945504,0,-0.959263358,0.454326991,-0.0872665
2.4,-0.159179446,-0.01792264,-0.154348368,0.00802795,0.89630446,0.06149003,0.317342904,0.132677113,0,-0.51221851,0.590231259,0.585679152,-0.153225676,0,-1.010597744,0.464332196,-0.0872665
2.417,-0.159862706,-0.017599856,-0.156000767,0.00947516,0.89638213,0.06361465,0.312482095,0.134187711,0,-0.505747712,0.591281964,0.618893427,-0.156990102,0,-1.060373281,0.48134412,-0.0872665
2.433,-0.160383158,-0.017153812,-0.15549408,0.01125989,0.89669979,0.0654045,0.305642848,0.134829091,0,-0.496353627,0.589993979,0.65283969,-0.159644596,0,-1.105144757,0.497505851,-0.0872665
2.45,-0.161334406,-0.01638418,-0.154433368,0.01305222,0.8970545,0.06684812,0.301190234,0.134945874,0,-0.490880521,0.588611813,0.687227964,-0.160751107,0,-1.142038537,0.51974694,-0.0872665
2.467,-0.162235056,-0.015126031,-0.152015613,0.01512758,0.89761895,0.06792876,0.295042256,0.134015735,0,-0.482017176,0.587168127,0.721622913,-0.159515224,0,-1.170429056,0.537711107,-0.0872665
2.483,-0.163800974,-0.013071311,-0.14926307,0.01722108,0.89811172,0.06864679,0.289927081,0.131606374,0,-0.473527627,0.587777183,0.756343594,-0.156037574,0,-1.190359485,0.555989367,-0.0872665
2.5,-0.166082618,-0.011401769,-0.145929368,0.01935646,0.89847649,0.06927988,0.285138571,0.12938166,0,-0.464566603,0.589693166,0.791565529,-0.152382872,0,-1.202381331,0.57131672,-0.0872665
2.517,-0.16837706,-0.008825962,-0.142255663,0.02164524,0.89878367,0.06964095,0.280714808,0.126087473,0,-0.45613098,0.589024418,0.826048216,-0.146463441,0,-1.206253111,0.579764374,-0.0872665
2.533,-0.171891159,-0.007992605,-0.140073663,0.02391107,0.89884569,0.07029866,0.277640279,0.125830477,0,-0.44801241,0.588374947,0.861058973,-0.143384005,0,-1.201706865,0.587160505,-0.0872665
2.55,-0.175007054,-0.006862069,-0.138463171,0.02652106,0.8988491,0.07089529,0.274501747,0.125283481,0,-0.441306392,0.588329237,0.89389008,-0.139947016,0,-1.190032015,0.592689841,-0.0872665
2.567,-0.177785115,-0.005399887,-0.137797377,0.02961507,0.89875844,0.0714294,0.270923139,0.124368946,0,-0.435366034,0.588572062,0.924493666,-0.136552421,0,-1.172754678,0.597095956,-0.0872665
2.583,-0.179843886,-0.004497982,-0.13730525,0.0329986,0.89861741,0.07203762,0.266816315,0.124191013,0,-0.431236088,0.589715098,0.951938928,-0.134130854,0,-1.149146319,0.599955989,-0.0872665
2.6,-0.182273373,-0.001569728,-0.136291546,0.03665796,0.89841832,0.07194202,0.262663985,0.120736421,0,-0.42622475,0.590216279,0.977231681,-0.128248055,0,-1.119672383,0.600864761,-0.0872665
2.617,-0.184213296,0.001073458,-0.1362009,0.04084598,0.89827993,0.07181465,0.258948831,0.117469214,0,-0.424310795,0.591831121,0.998602155,-0.123081127,0,-1.084331426,0.598162496,-0.0872665
2.633,-0.188500053,0.003295496,-0.137445192,0.04417204,0.8975523,0.0720508,0.263337655,0.115705206,0,-0.431610296,0.595587407,1.022568581,-0.120113178,0,-1.047090593,0.588017231,-0.0872665
2.65,-0.190268986,0.006112043,-0.138510845,0.04880615,0.89706551,0.0720115,0.26163815,0.112181202,0,-0.435268049,0.599562419,1.039945156,-0.115557879,0,-1.007758377,0.581466427,-0.0872665
2.667,-0.192586913,0.008897299,-0.139469234,0.05359351,0.89639555,0.07188104,0.261076709,0.108533188,0,-0.440833627,0.60560713,1.056911967,-0.111087979,0,-0.968691246,0.565929359,-0.0872665
2.683,-0.195195054,0.010447646,-0.140028028,0.05827684,0.89565626,0.07199393,0.260468009,0.10654801,0,-0.445581598,0.61065832,1.072317166,-0.108177308,0,-0.928916635,0.547730147,-0.0872665
2.7,-0.197253428,0.012202227,-0.140057333,0.06346379,0.89494111,0.07182599,0.258542602,0.103837738,0,-0.449863051,0.615721488,1.084827368,-0.104437636,0,-0.890072588,0.530176255,-0.0872665
2.717,-0.199159385,0.013446698,-0.140183626,0.0691875,0.89404472,0.0716955,0.256146743,0.101651117,0,-0.455354318,0.620971348,1.096203563,-0.101446851,0,-0.855010259,0.515119455,-0.0872665
2.733,-0.200861283,0.014175338,-0.140423963,0.07541225,0.89303447,0.0716197,0.252539004,0.099760623,0,-0.459887414,0.625433201,1.105870818,-0.099142848,0,-0.824349002,0.505953794,-0.0872665
2.75,-0.203278342,0.01410459,-0.142462589,0.08183678,0.8922363,0.07181566,0.245963145,0.09902539,0,-0.45736263,0.629007892,1.114390599,-0.099395988,0,-0.797944406,0.499294479,-0.0872665
2.767,-0.203600947,0.013669672,-0.140899537,0.08957312,0.89138897,0.0718021,0.234945705,0.097914773,0,-0.454373792,0.634661303,1.121299967,-0.097224517,0,-0.781084613,0.489416298,-0.0872665
2.783,-0.205245319,0.012440814,-0.136410098,0.09739255,0.89029028,0.07146634,0.22539241,0.097528078,0,-0.451777479,0.638342142,1.130612239,-0.093525423,0,-0.771534204,0.472679382,-0.0872665
2.8,-0.208821448,0.011307799,-0.134518916,0.10485558,0.88907047,0.07112703,0.220336076,0.09743072,0,-0.45300447,0.640759262,1.140004089,-0.091829964,0,-0.763973801,0.455565412,-0.0872665
2.817,-0.212335985,0.009089549,-0.136685685,0.11261288,0.8878082,0.07151941,0.215276574,0.099480229,0,-0.455381081,0.641265242,1.147425434,-0.095332979,0,-0.762834392,0.453579689,-0.0872665
2.833,-0.215497248,0.007561495,-0.137647417,0.1207155,0.88640644,0.07135298,0.209837002,0.099965608,0,-0.45854032,0.64177363,1.155083768,-0.09649566,0,-0.768487509,0.452115672,-0.0872665
2.85,-0.219277448,0.005327912,-0.139633781,0.12954568,0.88522886,0.07140273,0.203364882,0.101538664,0,-0.46004832,0.641868021,1.1617503,-0.099549459,0,-0.77835484,0.451772278,-0.0872665
2.867,-0.224431477,0.003123145,-0.140588834,0.13846298,0.88405835,0.0711239,0.199142007,0.102877928,0,-0.463013477,0.638679477,1.168952466,-0.101952017,0,-0.791151889,0.45163084,-0.0872665
2.883,-0.231143582,0.000844027,-0.144610486,0.14749907,0.88283628,0.07118406,0.198873236,0.105073529,0,-0.470644402,0.631032367,1.176405261,-0.1076165,0,-0.806634395,0.452737186,-0.0872665
2.9,-0.239779768,-0.002002523,-0.148252279,0.15644943,0.88163253,0.07117196,0.201660974,0.10842181,0,-0.479776214,0.621616463,1.184933203,-0.113637033,0,-0.823617302,0.450501482,-0.0872665
2.917,-0.250156036,-0.003682139,-0.151643063,0.16555777,0.88059987,0.07062014,0.210129808,0.110115061,0,-0.496430511,0.60917173,1.193351014,-0.117675278,0,-0.839756919,0.446159307,-0.0872665
2.933,-0.260661728,-0.006057063,-0.152329235,0.17529724,0.88006362,0.06982834,0.214718128,0.111384596,0,-0.506331556,0.592712955,1.201935963,-0.119396751,0,-0.85725592,0.444731603,-0.0872665
2.95,-0.273254581,-0.008124884,-0.152608416,0.18496161,0.87986114,0.06877586,0.223332234,0.111582116,0,-0.519485556,0.572019242,1.214179296,-0.119779524,0,-0.876232203,0.442892193,-0.0872665
2.967,-0.28772714,-0.009919237,-0.149849045,0.19460612,0.88028643,0.06723584,0.234389382,0.110967652,0,-0.53138695,0.545057418,1.227892241,-0.116851996,0,-0.89245298,0.440308911,-0.0872665
2.983,-0.303354418,-0.012020258,-0.147538659,0.20482039,0.88144294,0.06564349,0.244445085,0.110325285,0,-0.537895079,0.512992312,1.240138324,-0.114445688,0,-0.906553772,0.440250134,-0.0872665
3,-0.320461977,-0.01550947,-0.144860936,0.21522314,0.88335123,0.06428175,0.25539066,0.112160296,0,-0.542397574,0.474070223,1.249455331,-0.113301346,0,-0.915466857,0.439881068,-0.0872665
3.017,-0.336846221,-0.020333121,-0.143192769,0.22707661,0.88632301,0.06315571,0.260101709,0.115684219,0,-0.537422582,0.428623407,1.252219365,-0.114195397,0,-0.920724191,0.44233556,-0.0872665
3.033,-0.35166467,-0.02568515,-0.14078655,0.24021688,0.8904597,0.06208769,0.258259167,0.119405842,0,-0.522718701,0.373755534,1.248563617,-0.114359633,0,-0.921643789,0.446021002,-0.0872665
3.05,-0.365346378,-0.032152074,-0.137757537,0.25433918,0.89552054,0.06106664,0.253178037,0.123865152,0,-0.503391477,0.310419059,1.241166737,-0.114484288,0,-0.918910975,0.451955306,-0.0872665
3.067,-0.377078482,-0.039270992,-0.135427546,0.26963493,0.90160078,0.06016794,0.246041857,0.128259405,0,-0.48297247,0.238905486,1.228899506,-0.115803071,0,-0.911908941,0.457736388,-0.0872665
3.083,-0.388999672,-0.045186702,-0.133811447,0.28470828,0.90790633,0.05884009,0.250820977,0.13091748,0,-0.481017772,0.164229923,1.215765422,-0.116649672,0,-0.901967568,0.462119134,-0.0872665
3.1,-0.401853422,-0.049138528,-0.129592991,0.29930011,0.91511788,0.05705545,0.263361924,0.131165366,0,-0.485906872,0.077176058,1.194823457,-0.11340039,0,-0.876080251,0.469094659,-0.0872665
3.117,-0.414333381,-0.051411682,-0.131039997,0.31375757,0.92193084,0.05509875,0.290197046,0.129437727,0,-0.516618233,-0.008716529,1.175374922,-0.113047212,0,-0.855817795,0.480338958,-0.0872665
3.133,-0.424749271,-0.051666581,-0.137330062,0.32816321,0.92816286,0.05299411,0.329548904,0.125585329,0,-0.573848528,-0.078661311,1.155840511,-0.114484828,0,-0.840431869,0.493880913,-0.0872665
3.15,-0.4317474,-0.049906077,-0.144468461,0.34251907,0.93410944,0.05032193,0.375844942,0.119261303,0,-0.647769365,-0.136933881,1.133497337,-0.113956823,0,-0.825776365,0.50656686,-0.0872665
3.167,-0.438228584,-0.045499106,-0.154059215,0.35588387,0.93924783,0.04728526,0.441237079,0.111068444,0,-0.752452442,-0.181423589,1.111785042,-0.112202046,0,-0.811133721,0.520150691,-0.0872665
3.183,-0.443737738,-0.038404801,-0.161434008,0.36896914,0.94369057,0.0435551,0.513779931,0.099825038,0,-0.866268294,-0.21431466,1.089727845,-0.105332298,0,-0.79622919,0.533971453,-0.0872665
3.2,-0.445809122,-0.028764021,-0.165084868,0.38260867,0.94747539,0.03934868,0.586754689,0.085379862,0,-0.986526375,-0.221359264,1.064607699,-0.092466259,0,-0.781980685,0.550964244,-0.0872665
3.217,-0.444783265,-0.019776043,-0.16726676,0.39664611,0.95107154,0.03559348,0.656798934,0.071418268,0,-1.104623823,-0.140878192,1.037576613,-0.079483349,0,-0.770231277,0.569820114,-0.0872665
3.233,-0.441261275,-0.013478082,-0.163243381,0.41112903,0.95467961,0.03226835,0.722993249,0.061074667,0,-1.206592048,-0.069149523,1.009145218,-0.065245161,0,-0.75892797,0.586125263,-0.0872665
3.25,-0.436092862,-0.007850884,-0.160713961,0.42599851,0.95846271,0.02937781,0.785427484,0.052228285,0,-1.294324061,0.000500946,0.97792624,-0.052737744,0,-0.746409515,0.602081852,-0.0872665
3.267,-0.430227525,-0.002880333,-0.159671757,0.44092897,0.96241544,0.02686834,0.845519338,0.046373587,0,-1.358369984,0.050142552,0.944606382,-0.041895864,0,-0.731634245,0.616865933,-0.0872665
3.283,-0.423566384,0.000726963,-0.1563871,0.45579234,0.96632833,0.02469139,0.900776753,0.042413715,0,-1.404899358,0.103671191,0.909575445,-0.031281953,0,-0.714083357,0.630806503,-0.0872665
3.3,-0.416501017,0.00432735,-0.152015272,0.47079399,0.97017751,0.02266752,0.952057291,0.038294439,0,-1.430598484,0.150028571,0.873172819,-0.020254997,0,-0.69405555,0.643727729,-0.0872665
3.317,-0.409957661,0.00655445,-0.148568594,0.48598061,0.9738041,0.02122818,0.998876455,0.037558586,0,-1.4371136,0.199209289,0.837004459,-0.011826991,0,-0.674245311,0.655489172,-0.0872665
3.333,-0.403618065,0.009329356,-0.143551883,0.50110757,0.97709019,0.01986745,1.043687396,0.035869438,0,-1.430134383,0.236204503,0.801582021,-0.002130503,0,-0.654404978,0.665811134,-0.0872665
3.35,-0.397520233,0.010244682,-0.139538433,0.51607924,0.97988065,0.01913433,1.085416714,0.038122864,0,-1.409034824,0.264702618,0.76852649,0.004470731,0,-0.638656264,0.67693467,-0.0872665
3.367,-0.392041148,0.010661949,-0.135170088,0.53133216,0.98241883,0.01871501,1.122837892,0.041084354,0,-1.373551147,0.282043261,0.735127292,0.010188376,0,-0.621643948,0.688824657,-0.0872665
3.383,-0.387962413,0.010279687,-0.131234479,0.54657212,0.98445217,0.01873627,1.156366453,0.045815927,0,-1.325814452,0.299062037,0.70314585,0.013980763,0,-0.605396068,0.703452849,-0.0872665
3.4,-0.382692661,0.008367493,-0.127132469,0.56171534,0.98633695,0.01929811,1.182504422,0.051930254,0,-1.265410177,0.309316979,0.670765478,0.015522474,0,-0.590593403,0.716210042,-0.0872665
3.417,-0.376269694,0.005799855,-0.123094748,0.57689763,0.98798292,0.02013679,1.200953425,0.058225509,0,-1.193612868,0.318590133,0.63754827,0.016129305,0,-0.576191516,0.727020888,-0.0872665
3.433,-0.371443941,0.002824674,-0.118422097,0.5919081,0.98914258,0.02109847,1.21483912,0.063862012,0,-1.112078438,0.323606408,0.607216052,0.01598074,0,-0.563714794,0.736392805,-0.0872665
3.45,-0.368201433,-0.000868153,-0.112095793,0.60675855,0.98985925,0.02230311,1.223949391,0.068044848,0,-1.022239234,0.323087058,0.579760892,0.014835073,0,-0.553519149,0.746627375,-0.0872665
3.467,-0.366244522,-0.005461248,-0.105449714,0.62212665,0.99014163,0.0238452,1.227296598,0.072405454,0,-0.924208701,0.32203429,0.554030386,0.011959413,0,-0.545953766,0.757781901,-0.0872665
3.483,-0.365996933,-0.009697557,-0.097549134,0.63740701,0.98977037,0.02538238,1.230363801,0.075139588,0,-0.828850618,0.312293425,0.532193365,0.009449718,0,-0.54180836,0.769604139,-0.0872665
3.5,-0.365244198,-0.014664198,-0.087327068,0.65278223,0.98875957,0.02690785,1.227697703,0.07599835,0,-0.731218603,0.308016707,0.512933389,0.006527286,0,-0.543585489,0.782167373,-0.0872665
3.517,-0.357621376,-0.017846086,-0.081067925,0.66934136,0.9879722,0.02842999,1.216986071,0.077394223,0,-0.641470371,0.295941313,0.479180572,0.00484762,0,-0.534420139,0.796664049,-0.0872665
3.533,-0.359331616,-0.019795189,-0.063875494,0.68554767,0.98578039,0.02921502,1.219280472,0.067968313,0,-0.574066789,0.29216014,0.463599367,0.006506967,0,-0.538509474,0.806281966,-0.0872665
3.55,-0.35913407,-0.021769132,-0.046951254,0.70218007,0.98332996,0.02995527,1.21963692,0.057553012,0,-0.518882656,0.284447748,0.449067538,0.008126977,0,-0.549726729,0.815522978,-0.0872665
3.567,-0.356052094,-0.020732399,-0.033436336,0.71927763,0.98082059,0.03042912,1.21914047,0.047497428,0,-0.48365191,0.272992291,0.431145045,0.012513445,0,-0.562287361,0.824585161,-0.0872665
3.583,-0.352608068,-0.01860624,-0.021313804,0.73653889,0.97838313,0.03086763,1.221631793,0.037753021,0,-0.473639282,0.273545476,0.413555848,0.017380339,0,-0.577565503,0.829074661,-0.0872665
3.6,-0.349383388,-0.015791256,-0.009937916,0.75449389,0.97608392,0.03137659,1.223928548,0.028752595,0,-0.479718817,0.280084011,0.397055764,0.022124776,0,-0.596716711,0.830982592,-0.0872665
3.617,-0.347144376,-0.011472593,0.001113736,0.77295107,0.97448158,0.03166648,1.2271919,0.019174626,0,-0.504451602,0.282817458,0.378773642,0.028121092,0,-0.610539608,0.825660646,-0.0872665
3.633,-0.345728238,-0.005957175,0.011901583,0.79178499,0.97351364,0.03180718,1.229397648,0.009152736,0,-0.540417202,0.283392797,0.359998706,0.035104311,0,-0.622648738,0.814172417,-0.0872665
3.65,-0.344710914,-0.000242106,0.022403683,0.81132692,0.97320511,0.03214337,1.226986865,0.000176983,0,-0.5810591,0.28533206,0.340187898,0.041322304,0,-0.633424775,0.793384628,-0.0872665
3.667,-0.345165874,0.005297388,0.028447498,0.83137066,0.97387047,0.03312358,1.220967927,-0.003887417,0,-0.619684722,0.279939471,0.319889318,0.045875915,0,-0.639476853,0.763306138,-0.0872665
3.683,-0.350120329,0.011162562,0.030108962,0.85071092,0.9758258,0.03443387,1.219314175,-0.004999413,0,-0.645481019,0.251982819,0.305747209,0.050228804,0,-0.644395194,0.718621329,-0.0872665
3.7,-0.359895822,0.017663815,0.027293315,0.86891801,0.97882192,0.03607385,1.24028047,-0.004668593,0,-0.701210679,0.216981276,0.301733166,0.054974386,0,-0.655137995,0.668327947,-0.0872665
3.717,-0.368140419,0.025093117,0.021845853,0.8882526,0.98297546,0.03764705,1.250223139,-0.00245137,0,-0.742600322,0.209070345,0.296672408,0.060726425,0,-0.667906414,0.598606024,-0.0872665
3.733,-0.375160642,0.03104059,0.015729477,0.90828201,0.98830688,0.03920087,1.247232018,-0.000254907,0,-0.766415184,0.212893154,0.29358282,0.065061881,0,-0.68587192,0.527990166,-0.0872665
3.75,-0.379913149,0.036863028,0.007052572,0.92894699,0.99425371,0.04092855,1.235843503,0.002747344,0,-0.781053075,0.224141517,0.291198312,0.069002147,0,-0.715474938,0.394691501,-0.0872665
3.767,-0.382847812,0.041596967,0.002534262,0.94981926,1.00020819,0.04287287,1.215722515,0.002889397,0,-0.782241663,0.250317863,0.293752114,0.07052133,0,-0.755919573,0.2474007,-0.0872665
3.783,-0.387642354,0.044911494,0.000338938,0.96950201,1.00583561,0.0450597,1.202809286,0.002734433,0,-0.79719819,0.2629651,0.308058994,0.069610918,0,-0.816477561,0.154689418,-0.0872665
3.8,-0.390803401,0.046294917,0.002073171,0.9885682,1.01107841,0.04740973,1.182794921,0.00195949,0,-0.799665983,0.289517979,0.334286257,0.066329619,0,-0.895912055,0.046033162,-0.0872665
3.817,-0.392590729,0.045594817,0.005945749,1.00680224,1.01643265,0.04996873,1.162894812,0.001717139,0,-0.809371556,0.310200326,0.368414742,0.060668446,0,-0.980311815,-0.084030554,-0.0872665
3.833,-0.392292695,0.041777605,0.008792639,1.02481018,1.02189093,0.053249,1.137032619,0.0056883,0,-0.811379172,0.334240308,0.405007217,0.049446721,0,-1.066727421,-0.111760374,-0.0872665
3.85,-0.393242396,0.038039094,0.010262827,1.04123557,1.02762275,0.0563573,1.110339004,0.010892988,0,-0.803670052,0.353263303,0.442137823,0.04057902,0,-1.138037641,0.00098969,-0.0872665
3.867,-0.390182919,0.033199552,0.002979612,1.05882308,1.03321392,0.0600323,1.077828605,0.023998275,0,-0.793762952,0.374710922,0.485697518,0.031319423,0,-1.205354569,0.079138212,-0.0872665
3.883,-0.386166465,0.027571087,-0.003684116,1.07642269,1.03946569,0.06371679,1.040281128,0.037309574,0,-0.776363984,0.394363347,0.523620442,0.020644435,0,-1.244956643,0.138039382,-0.0872665
3.9,-0.381130931,0.021773776,-0.010156799,1.09390372,1.04580864,0.06714114,1.000312799,0.049690827,0,-0.755775766,0.412656274,0.562927478,0.009652594,0,-1.266130801,0.18723063,-0.0872665
3.917,-0.375868116,0.015334068,-0.015016268,1.11114001,1.05183945,0.07041234,0.960991291,0.061065317,0,-0.736111815,0.427786491,0.604228557,-0.002036917,0,-1.278451888,0.242804469,-0.0872665
3.933,-0.370487282,0.012277081,-0.018837491,1.12811664,1.05746784,0.07289908,0.922862628,0.06756104,0,-0.71735206,0.442879281,0.646178042,-0.00897843,0,-1.27940779,0.287471362,-0.0872665
3.95,-0.365246195,0.008353424,-0.022685275,1.14459857,1.06228835,0.07577408,0.884749373,0.075589004,0,-0.696830376,0.460989768,0.689876126,-0.018942273,0,-1.273924054,0.317964051,-0.0872665
3.967,-0.360616872,0.003327361,-0.029160132,1.16087348,1.06616547,0.0792267,0.848123207,0.08703888,0,-0.677157586,0.480229242,0.73323878,-0.033240346,0,-1.263987002,0.346306345,-0.0872665
3.983,-0.353640472,-0.000197828,-0.035279195,1.17769166,1.06950351,0.0823031,0.811511134,0.096516779,0,-0.663320519,0.500519709,0.771652571,-0.046989005,0,-1.247011893,0.374553781,-0.0872665
4,-0.346025576,-0.002653398,-0.043890761,1.19409204,1.07220105,0.08509399,0.778230102,0.105463529,0,-0.654910416,0.518361295,0.808059385,-0.060740142,0,-1.225120717,0.399992217,-0.0872665
4.017,-0.340062012,-0.003686014,-0.056119186,1.20956992,1.07454559,0.08741273,0.747411617,0.113157497,0,-0.645379115,0.534825502,0.843875772,-0.073595268,0,-1.197356407,0.426626648,-0.0872665
4.033,-0.333622355,-0.005637313,-0.068637995,1.22519629,1.07635895,0.0898171,0.71569826,0.121288662,0,-0.636611864,0.552426186,0.878766037,-0.087382229,0,-1.164816874,0.440431569,-0.0872665
4.05,-0.325534927,-0.00717028,-0.081083376,1.24122848,1.07824692,0.09193063,0.679541224,0.127755373,0,-0.623964099,0.570649343,0.906436382,-0.099451583,0,-1.123428958,0.451090318,-0.0872665
4.067,-0.316584663,-0.00817647,-0.089796959,1.25770246,1.07981627,0.09364441,0.642421959,0.131381925,0,-0.612295752,0.589517678,0.929874142,-0.107898623,0,-1.076531208,0.457295709,-0.0872665
4.083,-0.308251436,-0.009946875,-0.098603624,1.27414869,1.08099728,0.09558594,0.605435108,0.135381227,0,-0.599406263,0.607579565,0.951378588,-0.116359755,0,-1.025616713,0.460379453,-0.0872665
4.1,-0.299834369,-0.011875589,-0.10885068,1.29051915,1.08188466,0.09752443,0.569381808,0.139384096,0,-0.588490707,0.623507794,0.969487181,-0.124378177,0,-0.970936667,0.45994668,-0.0872665
4.117,-0.291490598,-0.011919671,-0.116810081,1.30719854,1.08247912,0.09846428,0.535503482,0.139109443,0,-0.581920396,0.640550685,0.98424019,-0.126700011,0,-0.913079534,0.457680421,-0.0872665
4.133,-0.283264973,-0.013099926,-0.124260413,1.32396257,1.08293166,0.09968969,0.502487702,0.140369263,0,-0.576047716,0.656116272,0.996125084,-0.129359423,0,-0.853006541,0.45145507,-0.0872665
4.15,-0.276307149,-0.013820569,-0.130823891,1.34051178,1.08289839,0.10052696,0.472627559,0.140375909,0,-0.573269873,0.671179186,1.006466804,-0.13023895,0,-0.791768703,0.438565006,-0.0872665
4.167,-0.269634227,-0.014543752,-0.135498079,1.35728665,1.08267558,0.10113265,0.44273287,0.139358097,0,-0.571130411,0.686699912,1.01384109,-0.129614094,0,-0.730407011,0.421807212,-0.0872665
4.183,-0.263750384,-0.015117057,-0.140577304,1.37425071,1.08226104,0.10155842,0.414159184,0.137812297,0,-0.570590943,0.700794214,1.018572065,-0.128963289,0,-0.669899257,0.404493531,-0.0872665
4.2,-0.259019217,-0.016028245,-0.14544734,1.3909869,1.0815055,0.10177737,0.389344183,0.13624455,0,-0.574062975,0.712828524,1.023735436,-0.128788882,0,-0.618800284,0.392412918,-0.0872665
4.217,-0.254354565,-0.017540808,-0.148979768,1.40802418,1.08068334,0.10194283,0.364029458,0.134849059,0,-0.576871946,0.723797737,1.027888236,-0.128145934,0,-0.577513422,0.389045031,-0.0872665
4.233,-0.247689009,-0.019801942,-0.15337543,1.42617635,1.08032076,0.10229399,0.333298637,0.133987598,0,-0.575374225,0.72710258,1.029070613,-0.127962375,0,-0.550031872,0.396330348,-0.0872665
4.25,-0.243915347,-0.020918459,-0.157182849,1.44336328,1.07971965,0.1021116,0.311892416,0.131838721,0,-0.583742991,0.722677152,1.031784973,-0.125492636,0,-0.53048172,0.397714211,-0.0872665
4.267,-0.241014585,-0.022632301,-0.16026696,1.46078856,1.07922133,0.10184285,0.29152115,0.129926597,0,-0.592350311,0.71832027,1.032040747,-0.122919621,0,-0.516347866,0.397909595,-0.0872665
4.283,-0.237445523,-0.024448103,-0.163556334,1.47908534,1.07931828,0.1015237,0.267386416,0.127020517,0,-0.596394577,0.709039656,1.030412455,-0.120666716,0,-0.519301487,0.400701501,-0.0872665
4.3,-0.234796589,-0.026235819,-0.167894667,1.49770154,1.07992265,0.1011975,0.243999461,0.123476336,0,-0.600602778,0.692705749,1.025621266,-0.119010467,0,-0.526554901,0.404558832,-0.0872665
4.317,-0.232816051,-0.029115599,-0.17227862,1.51695769,1.08108223,0.10097896,0.218415206,0.12048715,0,-0.600424693,0.669002049,1.016504566,-0.118163626,0,-0.539598646,0.414410045,-0.0872665
4.333,-0.230605019,-0.032208724,-0.175640377,1.53696407,1.0829207,0.10059319,0.188200248,0.11642081,0,-0.591444709,0.640740681,1.000903944,-0.115910234,0,-0.556150659,0.420464538,-0.0872665
4.35,-0.230680859,-0.035484459,-0.180935793,1.55667488,1.0851263,0.10023878,0.162663853,0.112310921,0,-0.584120138,0.603058637,0.982618386,-0.114899356,0,-0.571712645,0.419620449,-0.0872665
4.367,-0.233712921,-0.039312343,-0.183444093,1.57574751,1.08794433,0.09979871,0.142889112,0.109893226,0,-0.576869739,0.559094936,0.969834915,-0.113877077,0,-0.582266088,0.38650003,-0.0872665
4.383,-0.239314773,-0.043652477,-0.184988207,1.59427965,1.09129212,0.09936676,0.132573754,0.10934968,0,-0.578771989,0.508462577,0.963946852,-0.115258476,0,-0.595394395,0.350500443,-0.0872665
4.4,-0.248123855,-0.045649849,-0.187264271,1.61178946,1.09513908,0.09839042,0.140664263,0.107081849,0,-0.604237835,0.44942925,0.963385535,-0.116036776,0,-0.612205079,0.33144408,-0.0872665
4.417,-0.258530891,-0.047605311,-0.191512667,1.62866514,1.09931807,0.0975816,0.160658414,0.105901525,0,-0.643560129,0.379951086,0.962753067,-0.11873556,0,-0.632309575,0.349532735,-0.0872665
4.433,-0.270818963,-0.048846889,-0.194772359,1.64434071,1.10346994,0.09674747,0.194512657,0.105688199,0,-0.697399502,0.305263946,0.96179611,-0.121687911,0,-0.646111627,0.363149854,-0.0872665
4.45,-0.283524536,-0.048065994,-0.199876054,1.65894275,1.10758994,0.09542857,0.24078411,0.10335106,0,-0.76736792,0.228160345,0.958061426,-0.122609067,0,-0.652706326,0.380809815,-0.0872665
4.467,-0.294456905,-0.045196664,-0.204173485,1.67297723,1.11159368,0.09331737,0.297878789,0.098816819,0,-0.854381335,0.145823558,0.948911569,-0.119280522,0,-0.65118987,0.399889984,-0.0872665
4.483,-0.30191658,-0.04032443,-0.207887141,1.68701428,1.11557765,0.0907376,0.357505715,0.091419418,0,-0.945108647,0.070482707,0.932552563,-0.112246926,0,-0.642916667,0.422530896,-0.0872665
4.5,-0.307676917,-0.033799735,-0.212608233,1.70095951,1.11923686,0.08810193,0.419908897,0.082336951,0,-1.035148668,-0.004598907,0.915426379,-0.103874716,0,-0.635836648,0.444276259,-0.0872665
4.517,-0.312473006,-0.025998712,-0.216940657,1.71473922,1.12255727,0.08527025,0.483671443,0.071833054,0,-1.119753328,-0.069878859,0.897801295,-0.093848346,0,-0.627666725,0.463854332,-0.0872665
4.533,-0.314178896,-0.016878539,-0.217215354,1.72899977,1.12574898,0.08193902,0.542066522,0.057905063,0,-1.194500318,-0.067908387,0.875617414,-0.078911934,0,-0.615432766,0.482208016,-0.0872665
4.55,-0.313289836,-0.009036533,-0.213178447,1.74322614,1.12843095,0.07874875,0.598027431,0.045474852,0,-1.262346104,-0.019338381,0.853935839,-0.062269595,0,-0.608676086,0.507646777,-0.0872665
4.567,-0.311989952,-0.001976471,-0.205717515,1.75709522,1.13120995,0.07562404,0.653411874,0.034190579,0,-1.314977983,0.02728967,0.830540475,-0.044342143,0,-0.597106786,0.525919827,-0.0872665
4.583,-0.310658507,0.004119815,-0.196440392,1.77065663,1.13381639,0.07263385,0.707727059,0.024495083,0,-1.354654416,0.064655305,0.807454298,-0.026629388,0,-0.584806412,0.541699287,-0.0872665
4.6,-0.30896087,0.009340923,-0.186221924,1.78410567,1.13614473,0.06989096,0.760371907,0.015859874,0,-1.380786382,0.104859783,0.785431573,-0.009875142,0,-0.574514777,0.557195661,-0.0872665
4.617,-0.307117544,0.013647178,-0.17428965,1.7975598,1.13840878,0.067428,0.810022231,0.008149504,0,-1.393324451,0.143753931,0.763798505,0.006235009,0,-0.565133774,0.571551415,-0.0872665
4.633,-0.305058207,0.017232649,-0.162145944,1.81110037,1.14060915,0.06531173,0.855276089,0.001498196,0,-1.39180756,0.183011018,0.741671839,0.020838822,0,-0.556388959,0.585078662,-0.0872665
4.65,-0.302644309,0.0196998,-0.149265933,1.82461222,1.1425503,0.06359493,0.896194132,-0.003604816,0,-1.378086585,0.218947075,0.719721575,0.033730727,0,-0.549538659,0.597965396,-0.0872665
4.667,-0.300429269,0.021080071,-0.137554193,1.83803137,1.14436254,0.06232214,0.933126264,-0.006497378,0,-1.352401991,0.252476262,0.697434167,0.044174219,0,-0.541666736,0.610823509,-0.0872665
4.683,-0.298912603,0.023315442,-0.127093443,1.85108446,1.14593351,0.06106145,0.968740704,-0.010130412,0,-1.317347111,0.276196774,0.675646566,0.054615097,0,-0.532283055,0.623470399,-0.0872665
4.7,-0.296438958,0.023983839,-0.117563887,1.86413112,1.14752918,0.06043743,0.997412462,-0.010736608,0,-1.270839148,0.298468679,0.65317099,0.062049734,0,-0.524544744,0.636191702,-0.0872665
4.717,-0.294753763,0.024290392,-0.1090376,1.87694557,1.14891923,0.06018267,1.022665147,-0.009772229,0,-1.2162538,0.317145312,0.631671757,0.067773266,0,-0.516684063,0.648399706,-0.0872665
4.733,-0.294136756,0.022594307,-0.101211584,1.88949877,1.1501352,0.06057631,1.043893016,-0.005206912,0,-1.153631461,0.329034642,0.612737975,0.069715985,0,-0.511649997,0.659541377,-0.0872665
4.75,-0.292947206,0.019929421,-0.092296338,1.90217853,1.15115135,0.0612904,1.059319496,0.000146943,0,-1.085869489,0.341143098,0.594007469,0.070386692,0,-0.508377803,0.672456242,-0.0872665
4.767,-0.292181856,0.016367931,-0.084489634,1.9145054,1.15194938,0.06236276,1.071271133,0.007791545,0,-1.013632016,0.345352168,0.57762626,0.068985444,0,-0.508645175,0.684205847,-0.0872665
4.783,-0.292154413,0.012757906,-0.078592209,1.92712955,1.15267006,0.06384127,1.078720151,0.017396881,0,-0.937464247,0.348060226,0.560184779,0.066378721,0,-0.506588861,0.6960481,-0.0872665
4.8,-0.292609376,0.009933904,-0.075151382,1.94035598,1.15325814,0.06533251,1.080669117,0.027013547,0,-0.856029354,0.350920091,0.541450664,0.063772751,0,-0.502520819,0.708055209,-0.0872665
4.817,-0.292389369,0.006610208,-0.071852287,1.9534386,1.15368185,0.06690711,1.086727219,0.036121752,0,-0.802575549,0.323096444,0.5240262,0.06036761,0,-0.501761104,0.720613124,-0.0872665
4.833,-0.290476665,0.003515005,-0.067876562,1.96665885,1.15392776,0.06853044,1.086636017,0.044030065,0,-0.749296605,0.302475253,0.506560498,0.05746505,0,-0.504843829,0.733230835,-0.0872665
4.85,-0.287281298,0.00286728,-0.066051191,1.98059248,1.1540918,0.06982838,1.083089894,0.049122942,0,-0.707512816,0.289636897,0.486212299,0.05723952,0,-0.506690601,0.74518534,-0.0872665
4.867,-0.279321633,0.005563016,-0.069402074,1.99631395,1.15490079,0.07053235,1.072198428,0.052177917,0,-0.681550012,0.278376834,0.455159753,0.061034809,0,-0.501785563,0.754805884,-0.0872665
4.883,-0.2750697,0.00651832,-0.068431267,2.01095221,1.15487786,0.07159359,1.064257275,0.054464008,0,-0.666447503,0.26786652,0.435883764,0.063110082,0,-0.509630836,0.762651845,-0.0872665
4.9,-0.270392052,0.007388405,-0.066874249,2.02572142,1.1548941,0.07270819,1.055281606,0.05651068,0,-0.662011554,0.243406238,0.417244524,0.064995528,0,-0.51990873,0.767818078,-0.0872665
4.917,-0.265671681,0.009653287,-0.064551695,2.04091383,1.15502205,0.07344956,1.044475637,0.055788979,0,-0.669956269,0.215628502,0.398426844,0.068686231,0,-0.5306415,0.770728964,-0.0872665
4.933,-0.260338773,0.010304159,-0.060918254,2.05637712,1.15552231,0.07437656,1.029177372,0.056570842,0,-0.679578914,0.182364097,0.379399482,0.069990033,0,-0.543194861,0.768678877,-0.0872665
4.95,-0.255337959,0.012607331,-0.057823315,2.07149668,1.15619681,0.07500469,1.016888182,0.054524217,0,-0.703037566,0.227561886,0.362791085,0.072859417,0,-0.559016528,0.760484289,-0.0872665
4.967,-0.250632433,0.015113162,-0.057318872,2.08677235,1.15745636,0.07581706,1.005479028,0.053090625,0,-0.72561003,0.256850351,0.346561677,0.075244369,0,-0.574781051,0.746530522,-0.0872665
4.983,-0.24640988,0.016995441,-0.05950241,2.10185305,1.15925081,0.07707616,0.997836448,0.054108817,0,-0.751479587,0.281880913,0.335277301,0.076176964,0,-0.598388077,0.727130791,-0.0872665
5,-0.243084939,0.018394822,-0.065143927,2.11675751,1.16169921,0.07884647,0.993007696,0.058243605,0,-0.783680908,0.305645062,0.328832618,0.075926941,0,-0.628166986,0.703295416,-0.0872665
5.017,-0.240277937,0.019279046,-0.070450689,2.13135797,1.16513279,0.08047572,0.979362076,0.061019328,0,-0.80044566,0.328545053,0.327612584,0.075611975,0,-0.665402547,0.671016104,-0.0872665
5.033,-0.23813263,0.019097341,-0.074472709,2.14524499,1.1689795,0.08226605,0.960939588,0.0637093,0,-0.805812096,0.346833026,0.332349513,0.072769088,0,-0.70647384,0.620960443,-0.0872665
5.05,-0.23539547,0.019427085,-0.080167413,2.15930616,1.17322056,0.08418007,0.937033316,0.066493791,0,-0.802151166,0.366151868,0.339142214,0.070618067,0,-0.749981801,0.56978743,-0.0872665
5.067,-0.233793036,0.020723976,-0.082198311,2.17254332,1.17724621,0.08560839,0.914591582,0.06558271,0,-0.798093341,0.386575741,0.356023937,0.069969412,0,-0.804100724,0.510982136,-0.0872665
5.083,-0.231326829,0.021586679,-0.082133082,2.18562933,1.18141281,0.08677047,0.889919173,0.063460109,0,-0.792235705,0.406967678,0.378297629,0.068971303,0,-0.865890399,0.439869734,-0.0872665
5.1,-0.229253144,0.020919874,-0.080433993,2.19832948,1.1855839,0.0880436,0.86440498,0.062644699,0,-0.782666255,0.426279121,0.406790876,0.065369502,0,-0.934028521,0.369994348,-0.0872665
5.117,-0.225231002,0.019503375,-0.075276529,2.21077911,1.1895254,0.08909671,0.837823295,0.061304788,0,-0.772860481,0.445103632,0.436953247,0.060615083,0,-1.00528669,0.316361922,-0.0872665
5.133,-0.223528292,0.017714492,-0.070149464,2.22249309,1.19243946,0.09030355,0.816398062,0.060884855,0,-0.768142343,0.464450706,0.47507011,0.054166262,0,-1.081718904,0.279028422,-0.0872665
5.15,-0.222899452,0.014424816,-0.06382498,2.23364704,1.19488485,0.09153778,0.796081112,0.06226775,0,-0.761197935,0.482514308,0.516222374,0.045028393,0,-1.15413628,0.255179848,-0.0872665
5.167,-0.220094304,0.009233065,-0.059163165,2.24554593,1.19775669,0.09331463,0.769608187,0.067198485,0,-0.7487079,0.49678671,0.553848176,0.031409771,0,-1.215741373,0.256302784,-0.0872665
5.183,-0.217967092,0.002135445,-0.054210745,2.25642298,1.20016838,0.09558444,0.74549079,0.074998017,0,-0.736422925,0.511198778,0.596050597,0.011927605,0,-1.268015943,0.274342037,-0.0872665
5.2,-0.214430069,-0.004978725,-0.050001047,2.26709397,1.20260542,0.09796102,0.719879626,0.083739062,0,-0.722127766,0.526092705,0.634611099,-0.00822042,0,-1.304858112,0.30252621,-0.0872665
5.217,-0.211292034,-0.009997415,-0.048729201,2.27734956,1.20519922,0.09984428,0.695400968,0.090861813,0,-0.70606063,0.535804591,0.671729577,-0.02555234,0,-1.326905676,0.317258654,-0.0872665
5.233,-0.20752286,-0.012453528,-0.049914475,2.28800295,1.20795077,0.1011076,0.667998275,0.094786665,0,-0.689052169,0.540601299,0.702635195,-0.038246343,0,-1.330585499,0.34240676,-0.0872665
5.25,-0.20491293,-0.014254547,-0.053568908,2.29847878,1.21054794,0.1022963,0.643750008,0.099016479,0,-0.672596677,0.548622974,0.731834293,-0.049734112,0,-1.318744333,0.360927175,-0.0872665
5.267,-0.201132709,-0.013720354,-0.057166345,2.30879326,1.21291061,0.10281105,0.619795829,0.098495112,0,-0.661650799,0.568424258,0.755800057,-0.057243481,0,-1.294054225,0.391163342,-0.0872665
5.283,-0.199076956,-0.014946037,-0.062358933,2.31833682,1.21459729,0.10384012,0.599704327,0.101851321,0,-0.650939572,0.577360134,0.781819548,-0.068406987,0,-1.261231922,0.405450745,-0.0872665
5.3,-0.19399811,-0.015431806,-0.065454531,2.32905466,1.21687165,0.10425458,0.571895984,0.102221231,0,-0.634902855,0.587759845,0.797245107,-0.075850096,0,-1.214965716,0.412929941,-0.0872665
5.317,-0.191519687,-0.016271946,-0.068835654,2.33829917,1.21841676,0.10492357,0.550506184,0.10349899,0,-0.622499562,0.59597952,0.814475675,-0.084048391,0,-1.161477125,0.423499702,-0.0872665
5.333,-0.189144383,-0.016782249,-0.071787392,2.34778812,1.22004189,0.10532384,0.528121265,0.103881924,0,-0.6077556,0.610020115,0.825891994,-0.090925471,0,-1.096208855,0.437291819,-0.0872665
5.35,-0.190024983,-0.016835712,-0.076358848,2.35601714,1.22071488,0.10558921,0.514431059,0.104204686,0,-0.599657233,0.617049091,0.840390073,-0.097708309,0,-1.028777848,0.444487087,-0.0872665
5.367,-0.189352272,-0.01565814,-0.083950766,2.36573796,1.22190898,0.10543596,0.495779708,0.102934242,0,-0.588457559,0.624697946,0.845550509,-0.102565081,0,-0.956589794,0.449012867,-0.0872665
5.383,-0.189817994,-0.014392594,-0.088402664,2.37451298,1.22265254,0.10493467,0.481790091,0.100599944,0,-0.581585316,0.631959056,0.850557665,-0.104651484,0,-0.882977906,0.447279243,-0.0872665
5.4,-0.189890079,-0.012810909,-0.093144515,2.3832536,1.2231138,0.10432926,0.469592599,0.097795028,0,-0.578615048,0.639591612,0.853893926,-0.105628631,0,-0.812778396,0.440261793,-0.0872665
5.417,-0.190383853,-0.011170998,-0.099299716,2.39186015,1.22306433,0.10382531,0.461362635,0.095486672,0,-0.581760079,0.647983628,0.856754286,-0.106894818,0,-0.751547771,0.431786432,-0.0872665
5.433,-0.191144713,-0.010623613,-0.10347627,2.4005044,1.22299774,0.10337352,0.45120859,0.093985999,0,-0.5813586,0.656405165,0.860618017,-0.107619552,0,-0.704828814,0.405869044,-0.0872665
5.45,-0.191049212,-0.008799428,-0.109337854,2.40967667,1.22290685,0.10247687,0.441150774,0.089622518,0,-0.586277059,0.661784582,0.859558447,-0.107441011,0,-0.666173935,0.395076087,-0.0872665
5.467,-0.190859398,-0.008526234,-0.111004361,2.41839854,1.22266351,0.10137336,0.433317058,0.086989401,0,-0.593621112,0.669987732,0.860969498,-0.105972985,0,-0.645808687,0.369297616,-0.0872665
5.483,-0.189186412,-0.009504849,-0.111978611,2.42775202,1.22294596,0.1002991,0.421082524,0.085631514,0,-0.596084488,0.678785293,0.858299702,-0.104452017,0,-0.63950227,0.326968633,-0.0872665
5.5,-0.187513901,-0.011153852,-0.112288924,2.43720019,1.22335214,0.0992037,0.406692479,0.084908667,0,-0.593995539,0.684296465,0.854278623,-0.102888379,0,-0.645651699,0.286933996,-0.0872665
5.517,-0.185346738,-0.013249223,-0.111670002,2.44701298,1.22356823,0.09819525,0.390765656,0.084819829,0,-0.591277832,0.690391709,0.847385272,-0.101454639,0,-0.656581385,0.270512779,-0.0872665
5.533,-0.182175686,-0.01667643,-0.110915404,2.45720155,1.22375731,0.09735771,0.372378017,0.086255112,0,-0.587894107,0.696789698,0.837113227,-0.101986051,0,-0.673511433,0.313415003,-0.0872665
5.55,-0.178550597,-0.019993627,-0.111045202,2.46749977,1.22436001,0.0963498,0.352005329,0.087348279,0,-0.581577215,0.699826792,0.820640137,-0.102387619,0,-0.678971571,0.346913555,-0.0872665
5.567,-0.177276289,-0.023032347,-0.111909014,2.47703413,1.22497488,0.09539937,0.3362916,0.088747676,0,-0.577544691,0.700745741,0.803916179,-0.102765448,0,-0.674795987,0.374379263,-0.0872665
5.583,-0.17736953,-0.025751764,-0.109773408,2.48672206,1.22621373,0.09393994,0.322152926,0.090689715,0,-0.56576293,0.690683638,0.78425674,-0.100241604,0,-0.661649781,0.401343718,-0.0872665
5.6,-0.179153555,-0.027534767,-0.109244999,2.4956129,1.22711219,0.09224986,0.311992576,0.089867924,0,-0.564602949,0.692237257,0.766502897,-0.097531463,0,-0.649449021,0.434302864,-0.0872665
5.617,-0.180419857,-0.028143054,-0.105923368,2.50387401,1.22839878,0.09002049,0.306269932,0.08690774,0,-0.57040408,0.687860964,0.748205715,-0.092434858,0,-0.634396213,0.460865948,-0.0872665
5.633,-0.182396671,-0.028718837,-0.103294303,2.51148767,1.23026464,0.08764874,0.302971703,0.083816837,0,-0.576657238,0.676805392,0.733726598,-0.08844147,0,-0.622141497,0.47489816,-0.0872665
5.65,-0.190040187,-0.029367216,-0.099505347,2.51729504,1.23210851,0.08529019,0.310508478,0.081577167,0,-0.587855036,0.657767594,0.729324315,-0.08526573,0,-0.611852713,0.478093691,-0.0872665
5.667,-0.198575354,-0.028026274,-0.094955711,2.52292286,1.2342416,0.08249459,0.322534469,0.076380851,0,-0.604700475,0.632687917,0.724682934,-0.079605785,0,-0.597900986,0.476184399,-0.0872665
5.683,-0.205364105,-0.027031724,-0.089107304,2.52845098,1.23656332,0.07958854,0.33318928,0.071032075,0,-0.621570123,0.611030321,0.715515618,-0.073503177,0,-0.577330789,0.476887714,-0.0872665
5.7,-0.211318527,-0.027462713,-0.085153097,2.53400785,1.23886468,0.07685694,0.343315354,0.067248647,0,-0.638405254,0.586451652,0.704939945,-0.069155869,0,-0.556934524,0.478150178,-0.0872665
5.717,-0.215204018,-0.026222048,-0.084588774,2.54061321,1.2413219,0.07399446,0.349219144,0.06089463,0,-0.652818912,0.562516732,0.68799734,-0.063273626,0,-0.533662076,0.482504801,-0.0872665
5.733,-0.219901523,-0.025237957,-0.084713059,2.54659944,1.24328591,0.07153786,0.357914679,0.055467725,0,-0.67014162,0.537016336,0.67400737,-0.058599122,0,-0.513405233,0.486123822,-0.0872665
5.75,-0.222971551,-0.024787426,-0.084080796,2.55239599,1.24520894,0.06917228,0.36512482,0.050675739,0,-0.689513715,0.509592318,0.660428884,-0.054556301,0,-0.495968231,0.488489379,-0.0872665
5.767,-0.22550423,-0.02439201,-0.082202951,2.55755756,1.24684803,0.06696688,0.372605801,0.046023794,0,-0.708365308,0.489251434,0.648730773,-0.050556004,0,-0.480485707,0.49026142,-0.0872665
5.783,-0.227084845,-0.023823855,-0.081086729,2.56318594,1.24816342,0.06485464,0.379197182,0.041373527,0,-0.727116292,0.470431801,0.637068139,-0.046661514,0,-0.468012855,0.494738405,-0.0872665
5.8,-0.228083889,-0.022981427,-0.080557624,2.56859773,1.24909601,0.0626361,0.388273305,0.036352902,0,-0.751160681,0.45051627,0.627031548,-0.042575795,0,-0.459080772,0.501667705,-0.0872665
5.817,-0.230057151,-0.022158922,-0.080565167,2.57355935,1.24958148,0.06051696,0.39997952,0.031604535,0,-0.777101696,0.428638866,0.620098469,-0.038818837,0,-0.453388316,0.508960626,-0.0872665
5.833,-0.232024454,-0.020179729,-0.081025652,2.57825842,1.25008348,0.05783156,0.415391411,0.024939019,0,-0.807509096,0.403846533,0.613324158,-0.033125822,0,-0.44774768,0.515258753,-0.0872665
5.85,-0.232794425,-0.018776018,-0.080862603,2.58297937,1.25037505,0.05543538,0.431638111,0.019669979,0,-0.841036422,0.377593499,0.608484559,-0.028258847,0,-0.449144379,0.521578762,-0.0872665
5.867,-0.2303028,-0.016190516,-0.08149268,2.58864817,1.25089653,0.05310064,0.443011876,0.012645242,0,-0.873118438,0.355186039,0.598798581,-0.022387798,0,-0.450468492,0.528940471,-0.0872665
5.883,-0.229902493,-0.014907418,-0.081390264,2.59304601,1.25103464,0.05101426,0.460251852,0.007625086,0,-0.908781121,0.329760402,0.595783574,-0.018145671,0,-0.45639601,0.535617174,-0.0872665
5.9,-0.229966839,-0.01285579,-0.08507389,2.59738327,1.25126204,0.04886167,0.480581976,0.001536191,0,-0.946775725,0.295563876,0.592462178,-0.014131917,0,-0.461097114,0.543341167,-0.0872665
5.917,-0.232259931,-0.010438497,-0.091002142,2.60054719,1.25118436,0.0469434,0.508646496,-0.004524181,0,-0.989960784,0.257742797,0.591719187,-0.010998066,0,-0.46313514,0.550081138,-0.0872665
5.933,-0.230318692,-0.007850173,-0.093007873,2.60525079,1.25131142,0.04477571,0.532967508,-0.011579209,0,-1.03609344,0.219180336,0.583793679,-0.005607121,0,-0.462884874,0.560231812,-0.0872665
5.95,-0.228490178,-0.004742485,-0.095955884,2.60959609,1.25141307,0.04254817,0.559736045,-0.018978721,0,-1.082533113,0.180547535,0.57648595,4.40696E-06,0,-0.463093676,0.569480026,-0.0872665
5.967,-0.228971587,-0.001536415,-0.100223877,2.61261033,1.25115938,0.04055134,0.593556776,-0.025426499,0,-1.131150799,0.139786707,0.574275071,0.004625622,0,-0.465132068,0.576989761,-0.0872665
5.983,-0.228894532,0.001700539,-0.105023957,2.61599457,1.25108874,0.03862769,0.62575038,-0.031589294,0,-1.176096188,0.103643889,0.570190329,0.009140801,0,-0.466038515,0.583815349,-0.0872665
6,-0.228857317,0.004131181,-0.106842252,2.61899741,1.25078822,0.03694224,0.656895562,-0.036415863,0,-1.217538281,0.07464886,0.567464386,0.013545867,0,-0.468781941,0.589827793,-0.0872665
6.017,-0.228721426,0.006422397,-0.108003273,2.62159732,1.25045076,0.03538368,0.686149005,-0.040624837,0,-1.252817166,0.072407988,0.562932216,0.017924583,0,-0.46602989,0.595319843,-0.0872665
6.033,-0.227361679,0.008784312,-0.109615371,2.6252064,1.25033207,0.0338787,0.709555748,-0.04469633,0,-1.279274675,0.083360797,0.554656553,0.022624239,0,-0.45855934,0.607865964,-0.0872665
6.05,-0.226645654,0.010644852,-0.110896806,2.62839194,1.25026828,0.03251232,0.731169016,-0.047001588,0,-1.295175713,0.128666345,0.549287523,0.026457079,0,-0.455763071,0.618896043,-0.0872665
6.067,-0.227446693,0.011412449,-0.11214863,2.63100306,1.25045592,0.03160094,0.752678076,-0.046524721,0,-1.300576167,0.173600101,0.547748788,0.02818627,0,-0.458734175,0.618961335,-0.0872665
6.083,-0.228025726,0.011093264,-0.11297679,2.6335083,1.25103023,0.0310482,0.767568544,-0.044272744,0,-1.290239421,0.224750817,0.546606543,0.028894791,0,-0.464811931,0.615208492,-0.0872665
6.1,-0.228464543,0.011428174,-0.115237534,2.63578288,1.2514747,0.03052458,0.780511768,-0.042575784,0,-1.269405728,0.278532202,0.54381416,0.029698438,0,-0.464927604,0.61887624,-0.0872665
6.117,-0.230129897,0.010886475,-0.117450003,2.63764501,1.25186198,0.03026064,0.791936315,-0.039014592,0,-1.237667549,0.331073407,0.54396361,0.029040652,0,-0.467933826,0.618150989,-0.0872665
6.133,-0.230240031,0.011226855,-0.118948432,2.6403163,1.2525005,0.02987428,0.795693585,-0.037431174,0,-1.194338091,0.382979461,0.53951008,0.030016727,0,-0.465143445,0.621306562,-0.0872665
6.15,-0.231433289,0.011744414,-0.121679493,2.64259403,1.25283517,0.02976186,0.798748541,-0.034893061,0,-1.144546865,0.432113936,0.536611111,0.030208301,0,-0.461224811,0.626494108,-0.0872665
6.167,-0.231694582,0.011286187,-0.122274211,2.6455398,1.25375358,0.02989135,0.793775803,-0.031534387,0,-1.084320864,0.476013772,0.531498644,0.029802435,0,-0.458028895,0.626007137,-0.0872665
6.183,-0.232685402,0.008901619,-0.122823002,2.647786,1.2546298,0.03064844,0.785805889,-0.024649217,0,-1.017903113,0.506615566,0.528875629,0.026214899,0,-0.457908872,0.624028423,-0.0872665
6.2,-0.232420415,0.007087253,-0.121462813,2.65041477,1.25533434,0.03119806,0.774165644,-0.01937435,0,-0.952956059,0.528636544,0.523351104,0.024315375,0,-0.454557646,0.625195923,-0.0872665
6.217,-0.232583956,0.004518207,-0.117228952,2.65351114,1.255902,0.03205527,0.759793895,-0.014087296,0,-0.891432943,0.539366671,0.517778574,0.021884277,0,-0.450597771,0.627064916,-0.0872665
6.233,-0.232466904,0.003606238,-0.113412651,2.65653837,1.25609728,0.03279857,0.745144254,-0.012277289,0,-0.842257644,0.535492738,0.514563699,0.021134644,0,-0.451649418,0.629350095,-0.0872665
6.25,-0.230107174,0.002916908,-0.109415457,2.65957592,1.25638121,0.03348236,0.726297774,-0.010438172,0,-0.799720835,0.52936774,0.5082798,0.020911532,0,-0.451274191,0.631724364,-0.0872665
6.267,-0.223627947,0.003741322,-0.105722266,2.6640247,1.25695637,0.03411592,0.699530854,-0.013329405,0,-0.765400496,0.524156025,0.491971865,0.022895616,0,-0.442918612,0.636606686,-0.0872665
6.283,-0.217542689,0.004675336,-0.103566387,2.6674966,1.25735062,0.03462362,0.673924242,-0.016020129,0,-0.73663159,0.526532044,0.482810925,0.024398651,0,-0.44546553,0.639729564,-0.0872665
6.3,-0.213119276,0.006663823,-0.104948085,2.6706301,1.25766729,0.03574873,0.650684507,-0.017609683,0,-0.711068793,0.536136046,0.471762704,0.025498541,0,-0.441374507,0.642114021,-0.0872665
6.317,-0.207029131,0.006025846,-0.104384267,2.67447457,1.25889218,0.03712312,0.621331535,-0.016629896,0,-0.680212862,0.550277194,0.456303649,0.024484103,0,-0.43371506,0.643354448,-0.0872665
6.333,-0.202673153,0.005067731,-0.10576096,2.67716427,1.26031993,0.03845444,0.606533749,-0.014935936,0,-0.667664704,0.552393524,0.446552289,0.022591435,0,-0.430892937,0.642676909,-0.0872665
6.35,-0.198702771,0.004283038,-0.107298396,2.67969183,1.26188442,0.03966216,0.593085823,-0.014092624,0,-0.655692166,0.5508372,0.439251599,0.020970952,0,-0.431188589,0.641528845,-0.0872665
6.367,-0.194431626,0.003398885,-0.109742268,2.68263748,1.26339106,0.04104779,0.578920586,-0.012982619,0,-0.644058178,0.547469061,0.430577374,0.018886857,0,-0.431109362,0.641886027,-0.0872665
6.383,-0.1939698,0.002533516,-0.113215383,2.68500445,1.26426812,0.04249055,0.569863885,-0.01083716,0,-0.63215769,0.547504545,0.425848408,0.016072692,0,-0.429812882,0.642127064,-0.0872665
6.4,-0.192198163,0.00115089,-0.114576753,2.6877849,1.26534166,0.04403594,0.553162103,-0.008793944,0,-0.611360046,0.550872676,0.419340598,0.01309347,0,-0.427980638,0.639522758,-0.0872665
6.417,-0.190738747,-0.000517545,-0.114434168,2.6900935,1.26597365,0.0455305,0.542291085,-0.005723173,0,-0.600403165,0.554359051,0.415856501,0.010056363,0,-0.430845408,0.639589396,-0.0872665
6.433,-0.187927125,-0.002661441,-0.1143927,2.69243136,1.26672524,0.04706921,0.527161754,-0.002461126,0,-0.584597153,0.557834763,0.408079224,0.006713386,0,-0.428697134,0.642583214,-0.0872665
6.45,-0.18633267,-0.004786147,-0.114557021,2.69398462,1.26700559,0.04845928,0.517041648,0.000760619,0,-0.574122956,0.560286276,0.404178672,0.003202083,0,-0.429481974,0.646327119,-0.0872665
6.467,-0.183087903,-0.006136502,-0.116134456,2.69656448,1.26753699,0.04989876,0.505516733,0.003252139,0,-0.566234075,0.563237923,0.394161972,0.000511081,0,-0.424007625,0.6492869,-0.0872665
6.483,-0.183514927,-0.006900763,-0.118994736,2.69727735,1.26746754,0.05143376,0.505384711,0.006362496,0,-0.56677998,0.563648831,0.39322439,-0.002618519,0,-0.423788277,0.649285209,-0.0872665
6.5,-0.183351701,-0.008771668,-0.118937946,2.69834689,1.2675542,0.05289232,0.504170391,0.009897843,0,-0.567690915,0.563975669,0.392011625,-0.006237468,0,-0.424417866,0.648956171,-0.0872665
6.517,-0.182269548,-0.009601222,-0.120619959,2.70013871,1.26778922,0.05410996,0.501577418,0.012348877,0,-0.569149066,0.564079542,0.387904917,-0.008341535,0,-0.424843959,0.648625984,-0.0872665
6.533,-0.181305295,-0.011058194,-0.121572674,2.70160766,1.26810874,0.05550335,0.497010246,0.015592732,0,-0.566371171,0.564626351,0.382813047,-0.011525158,0,-0.421746606,0.64971276,-0.0872665
6.55,-0.181495923,-0.011612603,-0.120546502,2.70250607,1.26814797,0.05653234,0.496100824,0.017262548,0,-0.567019949,0.564982707,0.381940038,-0.013159523,0,-0.4216969,0.649924464,-0.0872665
6.567,-0.181253177,-0.012593928,-0.117852572,2.70371915,1.268284,0.05745724,0.494948954,0.01905367,0,-0.568938726,0.565172022,0.380767571,-0.014692578,0,-0.4221256,0.649905179,-0.0872665
6.583,-0.180672458,-0.014551101,-0.117191184,2.70455214,1.26820844,0.05872658,0.491981013,0.022558998,0,-0.567823707,0.567270201,0.380240055,-0.018142684,0,-0.425041168,0.650746752,-0.0872665
6.6,-0.179867437,-0.015943467,-0.114329759,2.70572747,1.26834291,0.05947843,0.487495963,0.024115375,0,-0.564849212,0.569891914,0.378346534,-0.019858996,0,-0.425308165,0.654373269,-0.0872665
6.617,-0.18013194,-0.0163537,-0.112034375,2.70645706,1.26835451,0.06003582,0.486977087,0.024570264,0,-0.565424325,0.570031369,0.378002838,-0.020468127,0,-0.425004928,0.654635289,-0.0872665
6.633,-0.178230619,-0.018722341,-0.106976643,2.70871173,1.26876687,0.06139057,0.478193393,0.027266902,0,-0.559139528,0.574616679,0.369902664,-0.023386895,0,-0.417646032,0.657228378,-0.0872665
6.65,-0.180089326,-0.019148641,-0.104963848,2.70877297,1.26877025,0.0620572,0.478539159,0.028174913,0,-0.557767438,0.574513681,0.371506991,-0.024508252,0,-0.416132068,0.656969325,-0.0872665
6.667,-0.180534274,-0.0220166,-0.101630735,2.71012367,1.26904765,0.06328623,0.468241106,0.031771378,0,-0.542540872,0.576040154,0.370849271,-0.028814521,0,-0.416964948,0.656081581,-0.0872665
6.683,-0.180726944,-0.022616427,-0.100467989,2.71147412,1.26923858,0.06419608,0.463003608,0.03308805,0,-0.53594546,0.577075907,0.367299657,-0.03037512,0,-0.413297447,0.655692499,-0.0872665
6.7,-0.182302388,-0.022609844,-0.099549029,2.71210105,1.26914087,0.06493688,0.464109925,0.034072763,0,-0.536224915,0.577510145,0.367639587,-0.03117686,0,-0.412362237,0.655717035,-0.0872665
6.717,-0.183272987,-0.023086492,-0.095950313,2.71291575,1.26915905,0.06557693,0.463816615,0.0347449,0,-0.536493689,0.57790617,0.36795276,-0.03205009,0,-0.411295256,0.655941332,-0.0872665
6.733,-0.182611534,-0.024991474,-0.090836092,2.71456267,1.26948728,0.06655763,0.456495641,0.03693529,0,-0.529202712,0.581380779,0.365050728,-0.03454915,0,-0.409124228,0.657297077,-0.0872665
6.75,-0.185078154,-0.025170489,-0.089386113,2.71446671,1.26931886,0.06737771,0.459641883,0.038083047,0,-0.530384505,0.580708863,0.367352021,-0.035871911,0,-0.407725118,0.657162064,-0.0872665
6.767,-0.189769191,-0.024513651,-0.088857327,2.71379047,1.26884987,0.0678078,0.46903453,0.038219498,0,-0.537635645,0.577870522,0.375238614,-0.03599147,0,-0.41213288,0.654354582,-0.0872665
6.783,-0.191088884,-0.024991424,-0.084994059,2.71471806,1.26878021,0.06848317,0.468704868,0.038808802,0,-0.53766662,0.578344442,0.375533122,-0.036764747,0,-0.411259501,0.654418112,-0.0872665
6.8,-0.191554765,-0.025463113,-0.082223789,2.71530956,1.26882619,0.06918553,0.468126334,0.039666326,0,-0.537498976,0.579042057,0.375429703,-0.037724822,0,-0.410397645,0.654644885,-0.0872665
6.817,-0.191443478,-0.026444997,-0.079744104,2.71590065,1.26885482,0.06985026,0.466087769,0.041056915,0,-0.535758971,0.582105748,0.377306537,-0.039233529,0,-0.414788167,0.655610328,-0.0872665
6.833,-0.192206743,-0.026761654,-0.076307678,2.71682623,1.26879699,0.0706079,0.465977803,0.041796442,0,-0.536807385,0.582392764,0.377436848,-0.039876876,0,-0.41447876,0.655903408,-0.0872665
6.85,-0.192309099,-0.027034096,-0.073900434,2.71806114,1.26872263,0.07124658,0.467173845,0.04245355,0,-0.54209775,0.584658569,0.375899225,-0.040453766,0,-0.413611754,0.65760025,-0.0872665
6.867,-0.191937157,-0.027888381,-0.071099517,2.71906873,1.26880348,0.07189791,0.460351531,0.04337574,0,-0.533201546,0.587771757,0.374796608,-0.041450102,0,-0.414347843,0.658304933,-0.0872665
6.883,-0.191751587,-0.028156731,-0.068952917,2.71975337,1.26884269,0.07253827,0.459298901,0.044010628,0,-0.533624504,0.588209616,0.373643154,-0.04203273,0,-0.413615916,0.658483284,-0.0872665
6.9,-0.190443195,-0.027277322,-0.070003379,2.72066421,1.26890973,0.07311314,0.461121878,0.043973927,0,-0.541107227,0.589350611,0.369657212,-0.041843354,0,-0.410915655,0.659505807,-0.0872665
6.917,-0.188199045,-0.027830331,-0.068387812,2.72181133,1.26915704,0.07379223,0.452559327,0.044656061,0,-0.532759072,0.591855247,0.36553725,-0.042700208,0,-0.410056717,0.660050508,-0.0872665
6.933,-0.187016912,-0.02837519,-0.067252489,2.72232782,1.26926688,0.07446886,0.44860889,0.045691345,0,-0.529345157,0.592853822,0.36508262,-0.043703874,0,-0.413203861,0.65974413,-0.0872665
6.95,-0.18329998,-0.029491629,-0.063617762,2.72475315,1.26973665,0.07536962,0.436845092,0.047008217,0,-0.52094642,0.596263281,0.357861266,-0.045216571,0,-0.411503432,0.66093058,-0.0872665
6.967,-0.183405096,-0.028992816,-0.063529795,2.72508145,1.26972585,0.07592896,0.436793337,0.047173361,0,-0.521063643,0.596265995,0.357822085,-0.045338474,0,-0.411626492,0.660922781,-0.0872665
6.983,-0.182179365,-0.028953332,-0.063663114,2.72564645,1.26966924,0.07634952,0.436123161,0.047609351,0,-0.524039837,0.597051175,0.357120079,-0.045542788,0,-0.415153949,0.660780001,-0.0872665
7,-0.182558256,-0.028656118,-0.063746001,2.72611497,1.26969074,0.07668874,0.435942146,0.047667415,0,-0.524184938,0.59706633,0.357148237,-0.04560304,0,-0.415225458,0.660811546,-0.0872665
7.017,-0.180638313,-0.029145615,-0.063003319,2.72777207,1.26982216,0.07747324,0.430354279,0.048801396,0,-0.521891133,0.60081584,0.353254174,-0.046962999,0,-0.41518142,0.665972036,-0.0872665
7.033,-0.179067328,-0.029163287,-0.062321465,2.7282433,1.26982516,0.07789362,0.429248546,0.04922056,0,-0.524108927,0.60114804,0.351749041,-0.047234123,0,-0.416702739,0.665873965,-0.0872665
7.05,-0.176802759,-0.029257044,-0.061103031,2.7288846,1.26985009,0.07825521,0.427907222,0.049615863,0,-0.528081169,0.60210374,0.349319088,-0.047316098,0,-0.419005092,0.665541809,-0.0872665
7.067,-0.174730236,-0.029210487,-0.060056032,2.72961109,1.26992749,0.07855909,0.426007592,0.049675284,0,-0.530887726,0.60315823,0.347151695,-0.04732491,0,-0.421209483,0.665174045,-0.0872665
7.083,-0.1733391,-0.028978481,-0.059497761,2.73018468,1.26995316,0.07885056,0.424028796,0.049546661,0,-0.531430973,0.605747001,0.345812802,-0.047274709,0,-0.422523936,0.665656185,-0.0872665
7.1,-0.171441302,-0.02877625,-0.05957004,2.73105157,1.2700455,0.07924054,0.419623681,0.04961467,0,-0.528805677,0.609602157,0.341907257,-0.047364022,0,-0.420831721,0.66828558,-0.0872665
7.117,-0.169636078,-0.028764547,-0.058667264,2.73183415,1.27012028,0.07959075,0.416948233,0.049687399,0,-0.529861576,0.609738161,0.339372177,-0.04753628,0,-0.421513823,0.6684967,-0.0872665
7.133,-0.166265511,-0.029075942,-0.057416289,2.73343549,1.27053025,0.07998634,0.408818238,0.05013162,0,-0.525214528,0.612198785,0.330813922,-0.047841718,0,-0.415358222,0.669530994,-0.0872665
7.15,-0.166566319,-0.028807801,-0.057179116,2.73388996,1.27046457,0.08032074,0.408724279,0.05023883,0,-0.525261318,0.612209024,0.330509306,-0.047909313,0,-0.415415625,0.669520931,-0.0872665
7.167,-0.163355465,-0.029070969,-0.055420553,2.7351649,1.27090925,0.08056066,0.400112477,0.050236313,0,-0.518458078,0.615332568,0.323830005,-0.047964674,0,-0.411280239,0.669206358,-0.0872665
7.183,-0.16363551,-0.028796452,-0.055483055,2.73549588,1.27091197,0.08082366,0.399991148,0.05025453,0,-0.518439538,0.615320077,0.323736403,-0.048046433,0,-0.411341331,0.669198405,-0.0872665
7.2,-0.164011903,-0.028502496,-0.055554378,2.73589405,1.27085391,0.08109457,0.399845643,0.050309456,0,-0.518438324,0.615309783,0.323554913,-0.048063775,0,-0.411442163,0.669194367,-0.0872665
7.217,-0.164328064,-0.028289099,-0.055671865,2.73623313,1.27077387,0.0813603,0.399512926,0.050274961,0,-0.518390883,0.615327901,0.323458862,-0.048144908,0,-0.411481577,0.669220343,-0.0872665
7.233,-0.161830489,-0.029181807,-0.054226813,2.73732774,1.27109885,0.08156501,0.389987225,0.050916758,0,-0.508142999,0.617147703,0.319383508,-0.049068755,0,-0.410657886,0.672102679,-0.0872665
7.25,-0.161847476,-0.029000836,-0.054428295,2.7374297,1.27107075,0.08177684,0.389753105,0.050942921,0,-0.508165859,0.617144579,0.31950253,-0.049215908,0,-0.410573221,0.672099623,-0.0872665
7.267,-0.159930937,-0.028929398,-0.056549801,2.73820915,1.27135856,0.08203309,0.385212795,0.051298045,0,-0.504409969,0.617952923,0.314189759,-0.049432629,0,-0.406919973,0.670919451,-0.0872665
7.283,-0.160139409,-0.028726991,-0.056612067,2.73848817,1.27136661,0.08220028,0.385162574,0.051337851,0,-0.504440253,0.617939646,0.313990068,-0.049443279,0,-0.407071088,0.670890455,-0.0872665
7.3,-0.159052894,-0.027733898,-0.058828779,2.73908179,1.27138565,0.08235654,0.384763122,0.050672918,0,-0.507383262,0.617867517,0.311134494,-0.048698466,0,-0.406330552,0.671734973,-0.0872665
7.317,-0.159265662,-0.027732505,-0.058872313,2.73946326,1.271382,0.08234959,0.384624979,0.050724605,0,-0.507502953,0.617892061,0.310769896,-0.048565271,0,-0.406413163,0.671734603,-0.0872665
7.333,-0.156650026,-0.027037725,-0.060532508,2.74017612,1.27157914,0.08241004,0.381134987,0.049988412,0,-0.507695466,0.620039662,0.30480728,-0.047655323,0,-0.402687396,0.670601879,-0.0872665
7.35,-0.155970889,-0.027642936,-0.061123555,2.74047881,1.27172257,0.08266676,0.378385591,0.050914751,0,-0.504407943,0.619617307,0.303604847,-0.048587224,0,-0.402493137,0.669417756,-0.0872665
7.367,-0.156028643,-0.027597347,-0.061235654,2.74067624,1.2717335,0.08270701,0.378107041,0.050919305,0,-0.504549115,0.619592218,0.303717512,-0.048596134,0,-0.402504921,0.669461091,-0.0872665
7.383,-0.15604671,-0.027452056,-0.062910826,2.74068632,1.27150929,0.08286697,0.380083698,0.051238945,0,-0.508369859,0.619887695,0.304572972,-0.048791053,0,-0.404999654,0.674586253,-0.0872665
7.4,-0.155502958,-0.027703126,-0.062219171,2.74106459,1.2715416,0.08282419,0.379664478,0.051405037,0,-0.509468788,0.620128592,0.304031641,-0.048861716,0,-0.405638907,0.674640209,-0.0872665
7.417,-0.15459855,-0.027779279,-0.063319081,2.74128857,1.2715324,0.08293314,0.379822189,0.051884229,0,-0.511660318,0.620524911,0.303526487,-0.049151578,0,-0.407504831,0.674842956,-0.0872665
7.433,-0.154959146,-0.029104239,-0.062286799,2.74096451,1.27134797,0.08290331,0.380600803,0.053316838,0,-0.511732218,0.622382834,0.307259943,-0.050615954,0,-0.413428243,0.677457348,-0.0872665